"analysisId","outcomeId","exposureId","z","events","database","look","method"
1,345,1082,91.5925925925926,177,"CCAE",1,"SCCS"
2,2796,1082,18.5694716242661,120,"CCAE",1,"SCCS"
2,622,1082,19,1090,"CCAE",1,"SCCS"
2,2763,1082,19.1612903225806,3001,"CCAE",1,"SCCS"
2,2795,1082,19.0803212851406,1868,"CCAE",1,"SCCS"
2,1075,1082,19.2429149797571,111,"CCAE",1,"SCCS"
2,3074,1082,19.2020202020202,455,"CCAE",1,"SCCS"
2,3075,1082,19.2020202020202,404,"CCAE",1,"SCCS"
2,1079,1082,19.4081632653061,55,"CCAE",1,"SCCS"
2,1308,1082,19.2429149797571,62,"CCAE",1,"SCCS"
3,3755,1082,9.18329938900204,400,"CCAE",1,"SCCS"
3,620,1082,8.54198473282443,5,"CCAE",1,"SCCS"
3,5831,1082,NA,NA,"CCAE",1,"SCCS"
3,5830,1082,8.54198473282443,5,"CCAE",1,"SCCS"
3,3619,1082,9.07049345417926,1133,"CCAE",1,"SCCS"
3,1068,1082,9.11122345803842,820,"CCAE",1,"SCCS"
3,3892,1082,9.01001001001001,388,"CCAE",1,"SCCS"
3,1075,1082,9.21450459652707,111,"CCAE",1,"SCCS"
3,5832,1082,8.74658869395711,67,"CCAE",1,"SCCS"
3,3599,1082,9.11122345803842,1816,"CCAE",1,"SCCS"
3,635,1082,9.12145748987854,590,"CCAE",1,"SCCS"
3,5827,1082,8.67117988394584,13,"CCAE",1,"SCCS"
3,5825,1082,9.13171225937183,573,"CCAE",1,"SCCS"
3,601,1082,8.47867298578199,8,"CCAE",1,"SCCS"
3,609,1082,8.97008973080758,17,"CCAE",1,"SCCS"
3,369,1082,9.03009027081244,735,"CCAE",1,"SCCS"
3,3815,1082,9.05025125628141,117,"CCAE",1,"SCCS"
3,2823,1082,8.11577028258888,5,"CCAE",1,"SCCS"
3,1079,1082,9.33057851239669,55,"CCAE",1,"SCCS"
3,3803,1082,8.99000999000999,310,"CCAE",1,"SCCS"
3,1308,1082,9.22494887525562,62,"CCAE",1,"SCCS"
3,1148,1082,9.4602510460251,34,"CCAE",1,"SCCS"
3,624,1082,9.05025125628141,372,"CCAE",1,"SCCS"
3,5829,1082,8.41619585687382,13,"CCAE",1,"SCCS"
3,5828,1082,9.07049345417926,359,"CCAE",1,"SCCS"
3,2453,1082,9.15228426395939,1154,"CCAE",1,"SCCS"
3,366,1082,9.58201058201058,8,"CCAE",1,"SCCS"
3,1122,1082,9,40,"CCAE",1,"SCCS"
3,1125,1082,8.46969696969697,27,"CCAE",1,"SCCS"
3,1126,1082,7.31946755407654,7,"CCAE",1,"SCCS"
4,3073,1082,5.7842605156038,228,"CCAE",1,"SCCS"
4,5752,1082,5.6711140760507,46,"CCAE",1,"SCCS"
4,5520,1082,5.19195046439628,7,"CCAE",1,"SCCS"
4,3072,1082,5.93000693000693,17,"CCAE",1,"SCCS"
4,5760,1082,5.76132521974307,36,"CCAE",1,"SCCS"
4,609,1082,5.77506775067751,17,"CCAE",1,"SCCS"
4,1077,1082,5.57894736842105,49,"CCAE",1,"SCCS"
4,5522,1082,5.72043010752688,18,"CCAE",1,"SCCS"
4,5754,1082,5.93000693000693,16,"CCAE",1,"SCCS"
4,627,1082,5.71140939597315,55,"CCAE",1,"SCCS"
4,5639,1082,5.85871056241427,8,"CCAE",1,"SCCS"
4,5768,1082,5.7842605156038,21,"CCAE",1,"SCCS"
4,5761,1082,5.74763832658569,6,"CCAE",1,"SCCS"
4,2927,1082,5.69792364367046,744,"CCAE",1,"SCCS"
4,610,1082,5.8212824010914,22,"CCAE",1,"SCCS"
5,576,1082,2.31564986737401,3820,"CCAE",1,"SCCS"
5,5767,1082,2.22997416020672,25,"CCAE",1,"SCCS"
5,2764,1082,2.34560053529609,1016,"CCAE",1,"SCCS"
5,3019,1082,2.16555872111428,70,"CCAE",1,"SCCS"
5,611,1082,2.27011118378025,145,"CCAE",1,"SCCS"
6,345,1082,399,529,"CCAE",1,"SCCS"
7,2796,1082,83.0336134453782,345,"CCAE",1,"SCCS"
7,622,1082,85.2068965517241,3437,"CCAE",1,"SCCS"
7,2763,1082,86.719298245614,11171,"CCAE",1,"SCCS"
7,2795,1082,86.719298245614,6691,"CCAE",1,"SCCS"
7,1075,1082,87.4955752212389,345,"CCAE",1,"SCCS"
7,3074,1082,83.7457627118644,1593,"CCAE",1,"SCCS"
7,3075,1082,83.0336134453782,1466,"CCAE",1,"SCCS"
7,1079,1082,86.719298245614,140,"CCAE",1,"SCCS"
7,1308,1082,88.2857142857143,226,"CCAE",1,"SCCS"
8,3755,1082,42.859649122807,1350,"CCAE",1,"SCCS"
8,620,1082,42.6681222707424,12,"CCAE",1,"SCCS"
8,5831,1082,NA,NA,"CCAE",1,"SCCS"
8,5830,1082,42.6681222707424,12,"CCAE",1,"SCCS"
8,3619,1082,43.0528634361233,3986,"CCAE",1,"SCCS"
8,1068,1082,42.2900432900433,2529,"CCAE",1,"SCCS"
8,3892,1082,42.1034482758621,1211,"CCAE",1,"SCCS"
8,1075,1082,43.4444444444444,345,"CCAE",1,"SCCS"
8,5832,1082,42.1034482758621,179,"CCAE",1,"SCCS"
8,3599,1082,43.2477876106195,6211,"CCAE",1,"SCCS"
8,635,1082,42.859649122807,1940,"CCAE",1,"SCCS"
8,5827,1082,41.7350427350427,37,"CCAE",1,"SCCS"
8,5825,1082,43.0528634361233,1894,"CCAE",1,"SCCS"
8,601,1082,42.2900432900433,29,"CCAE",1,"SCCS"
8,609,1082,43.6428571428571,28,"CCAE",1,"SCCS"
8,369,1082,42.2900432900433,2415,"CCAE",1,"SCCS"
8,3815,1082,41.9184549356223,344,"CCAE",1,"SCCS"
8,2823,1082,39.650406504065,10,"CCAE",1,"SCCS"
8,1079,1082,43.2477876106195,140,"CCAE",1,"SCCS"
8,3803,1082,42.1034482758621,977,"CCAE",1,"SCCS"
8,1308,1082,43.8430493273543,226,"CCAE",1,"SCCS"
8,1148,1082,45.7289719626168,140,"CCAE",1,"SCCS"
8,624,1082,41.1940928270042,1023,"CCAE",1,"SCCS"
8,5829,1082,39.983606557377,30,"CCAE",1,"SCCS"
8,5828,1082,41.3728813559322,985,"CCAE",1,"SCCS"
8,2453,1082,43.8430493273543,4200,"CCAE",1,"SCCS"
8,366,1082,42.1034482758621,29,"CCAE",1,"SCCS"
8,1122,1082,43.2477876106195,112,"CCAE",1,"SCCS"
8,1125,1082,41.0168067226891,62,"CCAE",1,"SCCS"
8,1126,1082,39.3225806451613,21,"CCAE",1,"SCCS"
9,3073,1082,27.9855072463768,795,"CCAE",1,"SCCS"
9,5752,1082,26.9329608938547,123,"CCAE",1,"SCCS"
9,5520,1082,27.0898876404494,8,"CCAE",1,"SCCS"
9,3072,1082,30.1526479750779,45,"CCAE",1,"SCCS"
9,5760,1082,26.3972602739726,92,"CCAE",1,"SCCS"
9,609,1082,29.1204819277108,28,"CCAE",1,"SCCS"
9,1077,1082,27.0898876404494,164,"CCAE",1,"SCCS"
9,5522,1082,28.0697674418605,63,"CCAE",1,"SCCS"
9,5754,1082,25.3157894736842,16,"CCAE",1,"SCCS"
9,627,1082,27.735632183908,168,"CCAE",1,"SCCS"
9,5639,1082,27.5714285714286,27,"CCAE",1,"SCCS"
9,5768,1082,28.1545189504373,68,"CCAE",1,"SCCS"
9,5761,1082,28.4985250737463,29,"CCAE",1,"SCCS"
9,2927,1082,27.735632183908,2323,"CCAE",1,"SCCS"
9,610,1082,27.4090909090909,47,"CCAE",1,"SCCS"
10,576,1082,13.265335235378,15812,"CCAE",1,"SCCS"
10,5767,1082,12.531799729364,73,"CCAE",1,"SCCS"
10,2764,1082,13.6412884333821,4456,"CCAE",1,"SCCS"
10,3019,1082,13.1843971631206,305,"CCAE",1,"SCCS"
10,611,1082,13.4092219020173,629,"CCAE",1,"SCCS"
11,345,1082,50.8134715025907,98,"CCAE",1,"SCCS"
12,2796,1082,10.2612612612613,69,"CCAE",1,"SCCS"
12,622,1082,10.4155251141553,621,"CCAE",1,"SCCS"
12,2763,1082,10.7096018735363,1715,"CCAE",1,"SCCS"
12,2795,1082,10.6822429906542,1096,"CCAE",1,"SCCS"
12,1075,1082,10.1234705228031,61,"CCAE",1,"SCCS"
12,3074,1082,10.5606936416185,259,"CCAE",1,"SCCS"
12,3075,1082,10.441647597254,229,"CCAE",1,"SCCS"
12,1079,1082,9.92896174863388,27,"CCAE",1,"SCCS"
12,1308,1082,10.1856823266219,38,"CCAE",1,"SCCS"
13,3755,1082,4.87199060481503,241,"CCAE",1,"SCCS"
13,620,1082,5.83526999316473,5,"CCAE",1,"SCCS"
13,5831,1082,NA,NA,"CCAE",1,"SCCS"
13,5830,1082,5.83526999316473,5,"CCAE",1,"SCCS"
13,3619,1082,4.85823081429408,663,"CCAE",1,"SCCS"
13,1068,1082,4.941770647653,490,"CCAE",1,"SCCS"
13,3892,1082,4.88928150765607,251,"CCAE",1,"SCCS"
13,1075,1082,4.61482313307131,61,"CCAE",1,"SCCS"
13,5832,1082,4.75373993095512,44,"CCAE",1,"SCCS"
13,3599,1082,4.94530321046373,1033,"CCAE",1,"SCCS"
13,635,1082,5.02409638554217,352,"CCAE",1,"SCCS"
13,5827,1082,5.10873549175321,8,"CCAE",1,"SCCS"
13,5825,1082,5.02772754671489,342,"CCAE",1,"SCCS"
13,601,1082,5.08642726719416,5,"CCAE",1,"SCCS"
13,609,1082,4.85823081429408,15,"CCAE",1,"SCCS"
13,369,1082,5.04960677555959,429,"CCAE",1,"SCCS"
13,3815,1082,4.98802395209581,80,"CCAE",1,"SCCS"
13,2823,1082,5.30517023959647,3,"CCAE",1,"SCCS"
13,1079,1082,4.52486187845304,27,"CCAE",1,"SCCS"
13,3803,1082,4.86510263929619,197,"CCAE",1,"SCCS"
13,1308,1082,4.65291124929339,38,"CCAE",1,"SCCS"
13,1148,1082,4.824111822947,17,"CCAE",1,"SCCS"
13,624,1082,4.78368999421631,226,"CCAE",1,"SCCS"
13,5829,1082,5.57030223390276,12,"CCAE",1,"SCCS"
13,5828,1082,4.78034682080925,214,"CCAE",1,"SCCS"
13,2453,1082,5.04960677555959,677,"CCAE",1,"SCCS"
13,366,1082,4.87889476778366,5,"CCAE",1,"SCCS"
13,1122,1082,4.64971751412429,24,"CCAE",1,"SCCS"
13,1125,1082,5.1012812690665,22,"CCAE",1,"SCCS"
13,1126,1082,3.54338936846888,5,"CCAE",1,"SCCS"
14,3073,1082,2.86398763523957,126,"CCAE",1,"SCCS"
14,5752,1082,2.7821482602118,22,"CCAE",1,"SCCS"
14,5520,1082,2.66032210834553,5,"CCAE",1,"SCCS"
14,3072,1082,3.29737859905458,11,"CCAE",1,"SCCS"
14,5760,1082,2.72300819061802,15,"CCAE",1,"SCCS"
14,609,1082,2.97930760047752,15,"CCAE",1,"SCCS"
14,1077,1082,2.88953714507974,27,"CCAE",1,"SCCS"
14,5522,1082,2.81533765738268,9,"CCAE",1,"SCCS"
14,5754,1082,3.11861614497529,8,"CCAE",1,"SCCS"
14,627,1082,2.77643504531722,34,"CCAE",1,"SCCS"
14,5639,1082,2.95413206801107,5,"CCAE",1,"SCCS"
14,5768,1082,2.91236306729264,8,"CCAE",1,"SCCS"
14,5761,1082,3.06669377795852,3,"CCAE",1,"SCCS"
14,2927,1082,2.89863547758285,428,"CCAE",1,"SCCS"
14,610,1082,3.29000429000429,12,"CCAE",1,"SCCS"
15,576,1082,0.933114247052001,2085,"CCAE",1,"SCCS"
15,5767,1082,1.1519259737465,18,"CCAE",1,"SCCS"
15,2764,1082,0.948178453146308,530,"CCAE",1,"SCCS"
15,3019,1082,0.943634596695821,35,"CCAE",1,"SCCS"
15,611,1082,0.953506544246923,81,"CCAE",1,"SCCS"
1,345,1082,87.4955752212389,98,"Optum",1,"SCCS"
2,2796,1082,17.3823529411765,93,"Optum",1,"SCCS"
2,622,1082,17.7617260787992,541,"Optum",1,"SCCS"
2,2763,1082,18.1204588910134,1634,"Optum",1,"SCCS"
2,2795,1082,18.1204588910134,1014,"Optum",1,"SCCS"
2,1075,1082,18.3050193050193,60,"Optum",1,"SCCS"
2,3074,1082,18.2678227360308,294,"Optum",1,"SCCS"
2,3075,1082,18.3050193050193,272,"Optum",1,"SCCS"
2,1079,1082,18.2678227360308,25,"Optum",1,"SCCS"
2,1308,1082,18.3423597678917,37,"Optum",1,"SCCS"
3,3755,1082,8.68054211035818,227,"Optum",1,"SCCS"
3,620,1082,8.74658869395711,3,"Optum",1,"SCCS"
3,5831,1082,8.74658869395711,2,"Optum",1,"SCCS"
3,5830,1082,8.74658869395711,1,"Optum",1,"SCCS"
3,3619,1082,8.65250965250965,615,"Optum",1,"SCCS"
3,1068,1082,8.56937799043062,458,"Optum",1,"SCCS"
3,3892,1082,8.46969696969697,219,"Optum",1,"SCCS"
3,1075,1082,8.78473581213307,60,"Optum",1,"SCCS"
3,5832,1082,8.71817298347911,64,"Optum",1,"SCCS"
3,3599,1082,8.68054211035818,935,"Optum",1,"SCCS"
3,635,1082,8.49667616334283,352,"Optum",1,"SCCS"
3,5827,1082,8.64320154291225,16,"Optum",1,"SCCS"
3,5825,1082,8.4876660341556,332,"Optum",1,"SCCS"
3,601,1082,8.02527075812274,15,"Optum",1,"SCCS"
3,609,1082,9.66098081023454,5,"Optum",1,"SCCS"
3,369,1082,8.58772770853308,373,"Optum",1,"SCCS"
3,3815,1082,8.15750915750916,60,"Optum",1,"SCCS"
3,2823,1082,8.74658869395711,2,"Optum",1,"SCCS"
3,1079,1082,8.63391136801541,25,"Optum",1,"SCCS"
3,3803,1082,8.53288846520496,186,"Optum",1,"SCCS"
3,1308,1082,8.88142292490119,37,"Optum",1,"SCCS"
3,1148,1082,8.78473581213307,45,"Optum",1,"SCCS"
3,624,1082,8.58772770853308,191,"Optum",1,"SCCS"
3,5829,1082,8.04159132007233,9,"Optum",1,"SCCS"
3,5828,1082,8.67117988394584,176,"Optum",1,"SCCS"
3,2453,1082,8.68054211035818,573,"Optum",1,"SCCS"
3,366,1082,8.74658869395711,2,"Optum",1,"SCCS"
3,1122,1082,8.8135426889107,41,"Optum",1,"SCCS"
3,1125,1082,8.50570342205323,26,"Optum",1,"SCCS"
3,1126,1082,7.73362445414847,7,"Optum",1,"SCCS"
4,3073,1082,5.43086816720257,134,"Optum",1,"SCCS"
4,5752,1082,5.6006600660066,17,"Optum",1,"SCCS"
4,5520,1082,5.50195058517555,3,"Optum",1,"SCCS"
4,3072,1082,5.265664160401,11,"Optum",1,"SCCS"
4,5760,1082,5.50195058517555,7,"Optum",1,"SCCS"
4,609,1082,6.41839762611276,5,"Optum",1,"SCCS"
4,1077,1082,5.38569604086845,33,"Optum",1,"SCCS"
4,5522,1082,5.5402223675605,12,"Optum",1,"SCCS"
4,5754,1082,5.34517766497462,9,"Optum",1,"SCCS"
4,627,1082,5.64010624169987,23,"Optum",1,"SCCS"
4,5639,1082,5.50195058517555,5,"Optum",1,"SCCS"
4,5768,1082,5.38162093171666,12,"Optum",1,"SCCS"
4,5761,1082,5.75219446320054,7,"Optum",1,"SCCS"
4,2927,1082,5.5402223675605,569,"Optum",1,"SCCS"
4,610,1082,5.22277535780958,13,"Optum",1,"SCCS"
5,576,1082,2.2123353678124,2082,"Optum",1,"SCCS"
5,5767,1082,1.86697247706422,7,"Optum",1,"SCCS"
5,2764,1082,2.19590923617769,557,"Optum",1,"SCCS"
5,3019,1082,2.1328320802005,38,"Optum",1,"SCCS"
5,611,1082,2.18775900541919,92,"Optum",1,"SCCS"
6,345,1082,369.37037037037,296,"Optum",1,"SCCS"
7,2796,1082,79,222,"Optum",1,"SCCS"
7,622,1082,80.3008130081301,1450,"Optum",1,"SCCS"
7,2763,1082,81.6446280991736,5370,"Optum",1,"SCCS"
7,2795,1082,82.3333333333333,3197,"Optum",1,"SCCS"
7,1075,1082,82.3333333333333,177,"Optum",1,"SCCS"
7,3074,1082,77.740157480315,853,"Optum",1,"SCCS"
7,3075,1082,77.740157480315,759,"Optum",1,"SCCS"
7,1079,1082,82.3333333333333,66,"Optum",1,"SCCS"
7,1308,1082,82.3333333333333,118,"Optum",1,"SCCS"
8,3755,1082,40.6666666666667,720,"Optum",1,"SCCS"
8,620,1082,36.1747211895911,11,"Optum",1,"SCCS"
8,5831,1082,41.3728813559322,2,"Optum",1,"SCCS"
8,5830,1082,35.101083032491,9,"Optum",1,"SCCS"
8,3619,1082,40.49377593361,1949,"Optum",1,"SCCS"
8,1068,1082,39.8163265306122,1291,"Optum",1,"SCCS"
8,3892,1082,39.650406504065,631,"Optum",1,"SCCS"
8,1075,1082,41.5531914893617,177,"Optum",1,"SCCS"
8,5832,1082,41.1940928270042,160,"Optum",1,"SCCS"
8,3599,1082,40.6666666666667,3004,"Optum",1,"SCCS"
8,635,1082,40.3223140495868,991,"Optum",1,"SCCS"
8,5827,1082,42.1034482758621,34,"Optum",1,"SCCS"
8,5825,1082,40.1522633744856,954,"Optum",1,"SCCS"
8,601,1082,36.593984962406,23,"Optum",1,"SCCS"
8,609,1082,34.4609929078014,10,"Optum",1,"SCCS"
8,369,1082,39.983606557377,1147,"Optum",1,"SCCS"
8,3815,1082,38.6825396825397,176,"Optum",1,"SCCS"
8,2823,1082,29.03003003003,5,"Optum",1,"SCCS"
8,1079,1082,41.7350427350427,66,"Optum",1,"SCCS"
8,3803,1082,39.650406504065,518,"Optum",1,"SCCS"
8,1308,1082,41.5531914893617,118,"Optum",1,"SCCS"
8,1148,1082,40.6666666666667,110,"Optum",1,"SCCS"
8,624,1082,39,513,"Optum",1,"SCCS"
8,5829,1082,38.6825396825397,23,"Optum",1,"SCCS"
8,5828,1082,39.1606425702811,487,"Optum",1,"SCCS"
8,2453,1082,41.0168067226891,1976,"Optum",1,"SCCS"
8,366,1082,39.983606557377,12,"Optum",1,"SCCS"
8,1122,1082,42.1034482758621,111,"Optum",1,"SCCS"
8,1125,1082,39.4858299595142,51,"Optum",1,"SCCS"
8,1126,1082,39.3225806451613,13,"Optum",1,"SCCS"
9,3073,1082,25.7379679144385,367,"Optum",1,"SCCS"
9,5752,1082,25.5957446808511,51,"Optum",1,"SCCS"
9,5520,1082,20.3675213675214,4,"Optum",1,"SCCS"
9,3072,1082,25.7379679144385,25,"Optum",1,"SCCS"
9,5760,1082,26.3224043715847,34,"Optum",1,"SCCS"
9,609,1082,23.7524752475248,10,"Optum",1,"SCCS"
9,1077,1082,26.9329608938547,94,"Optum",1,"SCCS"
9,5522,1082,27.9017341040462,42,"Optum",1,"SCCS"
9,5754,1082,20.4592274678112,10,"Optum",1,"SCCS"
9,627,1082,26.7777777777778,71,"Optum",1,"SCCS"
9,5639,1082,23.0963855421687,14,"Optum",1,"SCCS"
9,5768,1082,23.330900243309,30,"Optum",1,"SCCS"
9,5761,1082,25.3852242744063,13,"Optum",1,"SCCS"
9,2927,1082,26.7008310249307,1637,"Optum",1,"SCCS"
9,610,1082,20.2765957446809,22,"Optum",1,"SCCS"
10,576,1082,12.6612021857923,7377,"Optum",1,"SCCS"
10,5767,1082,12.4952766531714,27,"Optum",1,"SCCS"
10,2764,1082,12.986013986014,2248,"Optum",1,"SCCS"
10,3019,1082,11.970168612192,140,"Optum",1,"SCCS"
10,611,1082,11.6422250316056,278,"Optum",1,"SCCS"
11,345,1082,47.780487804878,53,"Optum",1,"SCCS"
12,2796,1082,9.29866117404737,65,"Optum",1,"SCCS"
12,622,1082,9.13171225937183,302,"Optum",1,"SCCS"
12,2763,1082,9.52631578947368,869,"Optum",1,"SCCS"
12,2795,1082,9.67235859124867,540,"Optum",1,"SCCS"
12,1075,1082,8.54198473282443,31,"Optum",1,"SCCS"
12,3074,1082,9.84598698481562,166,"Optum",1,"SCCS"
12,3075,1082,9.53740779768177,152,"Optum",1,"SCCS"
12,1079,1082,9.36269430051813,12,"Optum",1,"SCCS"
12,1308,1082,7.96860986547085,20,"Optum",1,"SCCS"
13,3755,1082,4.28262017960909,123,"Optum",1,"SCCS"
13,620,1082,5.07164541590771,3,"Optum",1,"SCCS"
13,5831,1082,4.78703703703704,2,"Optum",1,"SCCS"
13,5830,1082,5.64451827242525,1,"Optum",1,"SCCS"
13,3619,1082,4.60224089635854,355,"Optum",1,"SCCS"
13,1068,1082,4.32197977647685,265,"Optum",1,"SCCS"
13,3892,1082,4.42005420054201,126,"Optum",1,"SCCS"
13,1075,1082,3.83558994197292,31,"Optum",1,"SCCS"
13,5832,1082,4.39665407447383,39,"Optum",1,"SCCS"
13,3599,1082,4.52486187845304,540,"Optum",1,"SCCS"
13,635,1082,4.30503978779841,202,"Optum",1,"SCCS"
13,5827,1082,4.40248514316586,9,"Optum",1,"SCCS"
13,5825,1082,4.33617929562433,192,"Optum",1,"SCCS"
13,601,1082,3.63606861381548,9,"Optum",1,"SCCS"
13,609,1082,3.6882325363338,4,"Optum",1,"SCCS"
13,369,1082,4.35331905781585,196,"Optum",1,"SCCS"
13,3815,1082,4.41418516513265,38,"Optum",1,"SCCS"
13,2823,1082,5.83994528043776,2,"Optum",1,"SCCS"
13,1079,1082,4.17866390471258,12,"Optum",1,"SCCS"
13,3803,1082,4.47345374931582,107,"Optum",1,"SCCS"
13,1308,1082,3.58715596330275,20,"Optum",1,"SCCS"
13,1148,1082,4.89970501474926,25,"Optum",1,"SCCS"
13,624,1082,4.25210084033613,117,"Optum",1,"SCCS"
13,5829,1082,3.48028673835125,7,"Optum",1,"SCCS"
13,5828,1082,4.3276505061268,106,"Optum",1,"SCCS"
13,2453,1082,4.59597090095131,340,"Optum",1,"SCCS"
13,366,1082,5.19578686493185,0,"Optum",1,"SCCS"
13,1122,1082,4.21104742053153,25,"Optum",1,"SCCS"
13,1125,1082,4.50964187327824,16,"Optum",1,"SCCS"
13,1126,1082,3.68384074941452,6,"Optum",1,"SCCS"
14,3073,1082,2.77643504531722,83,"Optum",1,"SCCS"
14,5752,1082,2.14070351758794,9,"Optum",1,"SCCS"
14,5520,1082,3.71475719000471,3,"Optum",1,"SCCS"
14,3072,1082,3.11692054343351,9,"Optum",1,"SCCS"
14,5760,1082,2.24149108589951,5,"Optum",1,"SCCS"
14,609,1082,2.2605151613955,4,"Optum",1,"SCCS"
14,1077,1082,2.78931413414172,23,"Optum",1,"SCCS"
14,5522,1082,2.85951370127364,10,"Optum",1,"SCCS"
14,5754,1082,1.83607487237663,4,"Optum",1,"SCCS"
14,627,1082,2.92618767177071,14,"Optum",1,"SCCS"
14,5639,1082,3.08997955010225,4,"Optum",1,"SCCS"
14,5768,1082,2.84172109104879,7,"Optum",1,"SCCS"
14,5761,1082,1.33590282644242,1,"Optum",1,"SCCS"
14,2927,1082,2.75234521575985,348,"Optum",1,"SCCS"
14,610,1082,2.72300819061802,6,"Optum",1,"SCCS"
15,576,1082,0.817190623296384,1116,"Optum",1,"SCCS"
15,5767,1082,0.830161054172767,6,"Optum",1,"SCCS"
15,2764,1082,0.831501831501831,303,"Optum",1,"SCCS"
15,3019,1082,0.851166234727879,22,"Optum",1,"SCCS"
15,611,1082,0.760873393203029,49,"Optum",1,"SCCS"
1,345,1082,91.5925925925926,225.675,"CCAE",2,"SCCS"
2,2796,1082,18.5694716242661,153,"CCAE",2,"SCCS"
2,622,1082,19,1389.75,"CCAE",2,"SCCS"
2,2763,1082,19.1612903225806,3826.275,"CCAE",2,"SCCS"
2,2795,1082,19.0803212851406,2381.7,"CCAE",2,"SCCS"
2,1075,1082,19.2429149797571,141.525,"CCAE",2,"SCCS"
2,3074,1082,19.2020202020202,580.125,"CCAE",2,"SCCS"
2,3075,1082,19.2020202020202,515.1,"CCAE",2,"SCCS"
2,1079,1082,19.4081632653061,70.125,"CCAE",2,"SCCS"
2,1308,1082,19.2429149797571,79.05,"CCAE",2,"SCCS"
3,3755,1082,9.18329938900204,510,"CCAE",2,"SCCS"
3,620,1082,8.54198473282443,6.375,"CCAE",2,"SCCS"
3,5831,1082,NA,NA,"CCAE",2,"SCCS"
3,5830,1082,8.54198473282443,6.375,"CCAE",2,"SCCS"
3,3619,1082,9.07049345417926,1444.575,"CCAE",2,"SCCS"
3,1068,1082,9.11122345803842,1045.5,"CCAE",2,"SCCS"
3,3892,1082,9.01001001001001,494.7,"CCAE",2,"SCCS"
3,1075,1082,9.21450459652707,141.525,"CCAE",2,"SCCS"
3,5832,1082,8.74658869395711,85.425,"CCAE",2,"SCCS"
3,3599,1082,9.11122345803842,2315.4,"CCAE",2,"SCCS"
3,635,1082,9.12145748987854,752.25,"CCAE",2,"SCCS"
3,5827,1082,8.67117988394584,16.575,"CCAE",2,"SCCS"
3,5825,1082,9.13171225937183,730.575,"CCAE",2,"SCCS"
3,601,1082,8.47867298578199,10.2,"CCAE",2,"SCCS"
3,609,1082,8.97008973080758,21.675,"CCAE",2,"SCCS"
3,369,1082,9.03009027081244,937.125,"CCAE",2,"SCCS"
3,3815,1082,9.05025125628141,149.175,"CCAE",2,"SCCS"
3,2823,1082,8.11577028258888,6.375,"CCAE",2,"SCCS"
3,1079,1082,9.33057851239669,70.125,"CCAE",2,"SCCS"
3,3803,1082,8.99000999000999,395.25,"CCAE",2,"SCCS"
3,1308,1082,9.22494887525562,79.05,"CCAE",2,"SCCS"
3,1148,1082,9.4602510460251,43.35,"CCAE",2,"SCCS"
3,624,1082,9.05025125628141,474.3,"CCAE",2,"SCCS"
3,5829,1082,8.41619585687382,16.575,"CCAE",2,"SCCS"
3,5828,1082,9.07049345417926,457.725,"CCAE",2,"SCCS"
3,2453,1082,9.15228426395939,1471.35,"CCAE",2,"SCCS"
3,366,1082,9.58201058201058,10.2,"CCAE",2,"SCCS"
3,1122,1082,9,51,"CCAE",2,"SCCS"
3,1125,1082,8.46969696969697,34.425,"CCAE",2,"SCCS"
3,1126,1082,7.31946755407654,8.925,"CCAE",2,"SCCS"
4,3073,1082,5.7842605156038,290.7,"CCAE",2,"SCCS"
4,5752,1082,5.6711140760507,58.65,"CCAE",2,"SCCS"
4,5520,1082,5.19195046439628,8.925,"CCAE",2,"SCCS"
4,3072,1082,5.93000693000693,21.675,"CCAE",2,"SCCS"
4,5760,1082,5.76132521974307,45.9,"CCAE",2,"SCCS"
4,609,1082,5.77506775067751,21.675,"CCAE",2,"SCCS"
4,1077,1082,5.57894736842105,62.475,"CCAE",2,"SCCS"
4,5522,1082,5.72043010752688,22.95,"CCAE",2,"SCCS"
4,5754,1082,5.93000693000693,20.4,"CCAE",2,"SCCS"
4,627,1082,5.71140939597315,70.125,"CCAE",2,"SCCS"
4,5639,1082,5.85871056241427,10.2,"CCAE",2,"SCCS"
4,5768,1082,5.7842605156038,26.775,"CCAE",2,"SCCS"
4,5761,1082,5.74763832658569,7.65,"CCAE",2,"SCCS"
4,2927,1082,5.69792364367046,948.6,"CCAE",2,"SCCS"
4,610,1082,5.8212824010914,28.05,"CCAE",2,"SCCS"
5,576,1082,2.31564986737401,4870.5,"CCAE",2,"SCCS"
5,5767,1082,2.22997416020672,31.875,"CCAE",2,"SCCS"
5,2764,1082,2.34560053529609,1295.4,"CCAE",2,"SCCS"
5,3019,1082,2.16555872111428,89.25,"CCAE",2,"SCCS"
5,611,1082,2.27011118378025,184.875,"CCAE",2,"SCCS"
6,345,1082,399,584.545,"CCAE",2,"SCCS"
7,2796,1082,83.0336134453782,381.225,"CCAE",2,"SCCS"
7,622,1082,85.2068965517241,3797.885,"CCAE",2,"SCCS"
7,2763,1082,86.719298245614,12343.955,"CCAE",2,"SCCS"
7,2795,1082,86.719298245614,7393.555,"CCAE",2,"SCCS"
7,1075,1082,87.4955752212389,381.225,"CCAE",2,"SCCS"
7,3074,1082,83.7457627118644,1760.265,"CCAE",2,"SCCS"
7,3075,1082,83.0336134453782,1619.93,"CCAE",2,"SCCS"
7,1079,1082,86.719298245614,154.7,"CCAE",2,"SCCS"
7,1308,1082,88.2857142857143,249.73,"CCAE",2,"SCCS"
8,3755,1082,42.859649122807,1491.75,"CCAE",2,"SCCS"
8,620,1082,42.6681222707424,13.26,"CCAE",2,"SCCS"
8,5831,1082,NA,NA,"CCAE",2,"SCCS"
8,5830,1082,42.6681222707424,13.26,"CCAE",2,"SCCS"
8,3619,1082,43.0528634361233,4404.53,"CCAE",2,"SCCS"
8,1068,1082,42.2900432900433,2794.545,"CCAE",2,"SCCS"
8,3892,1082,42.1034482758621,1338.155,"CCAE",2,"SCCS"
8,1075,1082,43.4444444444444,381.225,"CCAE",2,"SCCS"
8,5832,1082,42.1034482758621,197.795,"CCAE",2,"SCCS"
8,3599,1082,43.2477876106195,6863.155,"CCAE",2,"SCCS"
8,635,1082,42.859649122807,2143.7,"CCAE",2,"SCCS"
8,5827,1082,41.7350427350427,40.885,"CCAE",2,"SCCS"
8,5825,1082,43.0528634361233,2092.87,"CCAE",2,"SCCS"
8,601,1082,42.2900432900433,32.045,"CCAE",2,"SCCS"
8,609,1082,43.6428571428571,30.94,"CCAE",2,"SCCS"
8,369,1082,42.2900432900433,2668.575,"CCAE",2,"SCCS"
8,3815,1082,41.9184549356223,380.12,"CCAE",2,"SCCS"
8,2823,1082,39.650406504065,11.05,"CCAE",2,"SCCS"
8,1079,1082,43.2477876106195,154.7,"CCAE",2,"SCCS"
8,3803,1082,42.1034482758621,1079.585,"CCAE",2,"SCCS"
8,1308,1082,43.8430493273543,249.73,"CCAE",2,"SCCS"
8,1148,1082,45.7289719626168,154.7,"CCAE",2,"SCCS"
8,624,1082,41.1940928270042,1130.415,"CCAE",2,"SCCS"
8,5829,1082,39.983606557377,33.15,"CCAE",2,"SCCS"
8,5828,1082,41.3728813559322,1088.425,"CCAE",2,"SCCS"
8,2453,1082,43.8430493273543,4641,"CCAE",2,"SCCS"
8,366,1082,42.1034482758621,32.045,"CCAE",2,"SCCS"
8,1122,1082,43.2477876106195,123.76,"CCAE",2,"SCCS"
8,1125,1082,41.0168067226891,68.51,"CCAE",2,"SCCS"
8,1126,1082,39.3225806451613,23.205,"CCAE",2,"SCCS"
9,3073,1082,27.9855072463768,878.475,"CCAE",2,"SCCS"
9,5752,1082,26.9329608938547,135.915,"CCAE",2,"SCCS"
9,5520,1082,27.0898876404494,8.84,"CCAE",2,"SCCS"
9,3072,1082,30.1526479750779,49.725,"CCAE",2,"SCCS"
9,5760,1082,26.3972602739726,101.66,"CCAE",2,"SCCS"
9,609,1082,29.1204819277108,30.94,"CCAE",2,"SCCS"
9,1077,1082,27.0898876404494,181.22,"CCAE",2,"SCCS"
9,5522,1082,28.0697674418605,69.615,"CCAE",2,"SCCS"
9,5754,1082,25.3157894736842,17.68,"CCAE",2,"SCCS"
9,627,1082,27.735632183908,185.64,"CCAE",2,"SCCS"
9,5639,1082,27.5714285714286,29.835,"CCAE",2,"SCCS"
9,5768,1082,28.1545189504373,75.14,"CCAE",2,"SCCS"
9,5761,1082,28.4985250737463,32.045,"CCAE",2,"SCCS"
9,2927,1082,27.735632183908,2566.915,"CCAE",2,"SCCS"
9,610,1082,27.4090909090909,51.935,"CCAE",2,"SCCS"
10,576,1082,13.265335235378,17472.26,"CCAE",2,"SCCS"
10,5767,1082,12.531799729364,80.665,"CCAE",2,"SCCS"
10,2764,1082,13.6412884333821,4923.88,"CCAE",2,"SCCS"
10,3019,1082,13.1843971631206,337.025,"CCAE",2,"SCCS"
10,611,1082,13.4092219020173,695.045,"CCAE",2,"SCCS"
11,345,1082,50.8134715025907,133.28,"CCAE",2,"SCCS"
12,2796,1082,10.2612612612613,93.84,"CCAE",2,"SCCS"
12,622,1082,10.4155251141553,844.56,"CCAE",2,"SCCS"
12,2763,1082,10.7096018735363,2332.4,"CCAE",2,"SCCS"
12,2795,1082,10.6822429906542,1490.56,"CCAE",2,"SCCS"
12,1075,1082,10.1234705228031,82.96,"CCAE",2,"SCCS"
12,3074,1082,10.5606936416185,352.24,"CCAE",2,"SCCS"
12,3075,1082,10.441647597254,311.44,"CCAE",2,"SCCS"
12,1079,1082,9.92896174863388,36.72,"CCAE",2,"SCCS"
12,1308,1082,10.1856823266219,51.68,"CCAE",2,"SCCS"
13,3755,1082,4.87199060481503,327.76,"CCAE",2,"SCCS"
13,620,1082,5.83526999316473,6.8,"CCAE",2,"SCCS"
13,5831,1082,NA,NA,"CCAE",2,"SCCS"
13,5830,1082,5.83526999316473,6.8,"CCAE",2,"SCCS"
13,3619,1082,4.85823081429408,901.68,"CCAE",2,"SCCS"
13,1068,1082,4.941770647653,666.4,"CCAE",2,"SCCS"
13,3892,1082,4.88928150765607,341.36,"CCAE",2,"SCCS"
13,1075,1082,4.61482313307131,82.96,"CCAE",2,"SCCS"
13,5832,1082,4.75373993095512,59.84,"CCAE",2,"SCCS"
13,3599,1082,4.94530321046373,1404.88,"CCAE",2,"SCCS"
13,635,1082,5.02409638554217,478.72,"CCAE",2,"SCCS"
13,5827,1082,5.10873549175321,10.88,"CCAE",2,"SCCS"
13,5825,1082,5.02772754671489,465.12,"CCAE",2,"SCCS"
13,601,1082,5.08642726719416,6.8,"CCAE",2,"SCCS"
13,609,1082,4.85823081429408,20.4,"CCAE",2,"SCCS"
13,369,1082,5.04960677555959,583.44,"CCAE",2,"SCCS"
13,3815,1082,4.98802395209581,108.8,"CCAE",2,"SCCS"
13,2823,1082,5.30517023959647,4.08,"CCAE",2,"SCCS"
13,1079,1082,4.52486187845304,36.72,"CCAE",2,"SCCS"
13,3803,1082,4.86510263929619,267.92,"CCAE",2,"SCCS"
13,1308,1082,4.65291124929339,51.68,"CCAE",2,"SCCS"
13,1148,1082,4.824111822947,23.12,"CCAE",2,"SCCS"
13,624,1082,4.78368999421631,307.36,"CCAE",2,"SCCS"
13,5829,1082,5.57030223390276,16.32,"CCAE",2,"SCCS"
13,5828,1082,4.78034682080925,291.04,"CCAE",2,"SCCS"
13,2453,1082,5.04960677555959,920.72,"CCAE",2,"SCCS"
13,366,1082,4.87889476778366,6.8,"CCAE",2,"SCCS"
13,1122,1082,4.64971751412429,32.64,"CCAE",2,"SCCS"
13,1125,1082,5.1012812690665,29.92,"CCAE",2,"SCCS"
13,1126,1082,3.54338936846888,6.8,"CCAE",2,"SCCS"
14,3073,1082,2.86398763523957,171.36,"CCAE",2,"SCCS"
14,5752,1082,2.7821482602118,29.92,"CCAE",2,"SCCS"
14,5520,1082,2.66032210834553,6.8,"CCAE",2,"SCCS"
14,3072,1082,3.29737859905458,14.96,"CCAE",2,"SCCS"
14,5760,1082,2.72300819061802,20.4,"CCAE",2,"SCCS"
14,609,1082,2.97930760047752,20.4,"CCAE",2,"SCCS"
14,1077,1082,2.88953714507974,36.72,"CCAE",2,"SCCS"
14,5522,1082,2.81533765738268,12.24,"CCAE",2,"SCCS"
14,5754,1082,3.11861614497529,10.88,"CCAE",2,"SCCS"
14,627,1082,2.77643504531722,46.24,"CCAE",2,"SCCS"
14,5639,1082,2.95413206801107,6.8,"CCAE",2,"SCCS"
14,5768,1082,2.91236306729264,10.88,"CCAE",2,"SCCS"
14,5761,1082,3.06669377795852,4.08,"CCAE",2,"SCCS"
14,2927,1082,2.89863547758285,582.08,"CCAE",2,"SCCS"
14,610,1082,3.29000429000429,16.32,"CCAE",2,"SCCS"
15,576,1082,0.933114247052001,2835.6,"CCAE",2,"SCCS"
15,5767,1082,1.1519259737465,24.48,"CCAE",2,"SCCS"
15,2764,1082,0.948178453146308,720.8,"CCAE",2,"SCCS"
15,3019,1082,0.943634596695821,47.6,"CCAE",2,"SCCS"
15,611,1082,0.953506544246923,110.16,"CCAE",2,"SCCS"
1,345,1082,87.4955752212389,124.95,"Optum",2,"SCCS"
2,2796,1082,17.3823529411765,118.575,"Optum",2,"SCCS"
2,622,1082,17.7617260787992,689.775,"Optum",2,"SCCS"
2,2763,1082,18.1204588910134,2083.35,"Optum",2,"SCCS"
2,2795,1082,18.1204588910134,1292.85,"Optum",2,"SCCS"
2,1075,1082,18.3050193050193,76.5,"Optum",2,"SCCS"
2,3074,1082,18.2678227360308,374.85,"Optum",2,"SCCS"
2,3075,1082,18.3050193050193,346.8,"Optum",2,"SCCS"
2,1079,1082,18.2678227360308,31.875,"Optum",2,"SCCS"
2,1308,1082,18.3423597678917,47.175,"Optum",2,"SCCS"
3,3755,1082,8.68054211035818,289.425,"Optum",2,"SCCS"
3,620,1082,8.74658869395711,3.825,"Optum",2,"SCCS"
3,5831,1082,8.74658869395711,2.55,"Optum",2,"SCCS"
3,5830,1082,8.74658869395711,1.275,"Optum",2,"SCCS"
3,3619,1082,8.65250965250965,784.125,"Optum",2,"SCCS"
3,1068,1082,8.56937799043062,583.95,"Optum",2,"SCCS"
3,3892,1082,8.46969696969697,279.225,"Optum",2,"SCCS"
3,1075,1082,8.78473581213307,76.5,"Optum",2,"SCCS"
3,5832,1082,8.71817298347911,81.6,"Optum",2,"SCCS"
3,3599,1082,8.68054211035818,1192.125,"Optum",2,"SCCS"
3,635,1082,8.49667616334283,448.8,"Optum",2,"SCCS"
3,5827,1082,8.64320154291225,20.4,"Optum",2,"SCCS"
3,5825,1082,8.4876660341556,423.3,"Optum",2,"SCCS"
3,601,1082,8.02527075812274,19.125,"Optum",2,"SCCS"
3,609,1082,9.66098081023454,6.375,"Optum",2,"SCCS"
3,369,1082,8.58772770853308,475.575,"Optum",2,"SCCS"
3,3815,1082,8.15750915750916,76.5,"Optum",2,"SCCS"
3,2823,1082,8.74658869395711,2.55,"Optum",2,"SCCS"
3,1079,1082,8.63391136801541,31.875,"Optum",2,"SCCS"
3,3803,1082,8.53288846520496,237.15,"Optum",2,"SCCS"
3,1308,1082,8.88142292490119,47.175,"Optum",2,"SCCS"
3,1148,1082,8.78473581213307,57.375,"Optum",2,"SCCS"
3,624,1082,8.58772770853308,243.525,"Optum",2,"SCCS"
3,5829,1082,8.04159132007233,11.475,"Optum",2,"SCCS"
3,5828,1082,8.67117988394584,224.4,"Optum",2,"SCCS"
3,2453,1082,8.68054211035818,730.575,"Optum",2,"SCCS"
3,366,1082,8.74658869395711,2.55,"Optum",2,"SCCS"
3,1122,1082,8.8135426889107,52.275,"Optum",2,"SCCS"
3,1125,1082,8.50570342205323,33.15,"Optum",2,"SCCS"
3,1126,1082,7.73362445414847,8.925,"Optum",2,"SCCS"
4,3073,1082,5.43086816720257,170.85,"Optum",2,"SCCS"
4,5752,1082,5.6006600660066,21.675,"Optum",2,"SCCS"
4,5520,1082,5.50195058517555,3.825,"Optum",2,"SCCS"
4,3072,1082,5.265664160401,14.025,"Optum",2,"SCCS"
4,5760,1082,5.50195058517555,8.925,"Optum",2,"SCCS"
4,609,1082,6.41839762611276,6.375,"Optum",2,"SCCS"
4,1077,1082,5.38569604086845,42.075,"Optum",2,"SCCS"
4,5522,1082,5.5402223675605,15.3,"Optum",2,"SCCS"
4,5754,1082,5.34517766497462,11.475,"Optum",2,"SCCS"
4,627,1082,5.64010624169987,29.325,"Optum",2,"SCCS"
4,5639,1082,5.50195058517555,6.375,"Optum",2,"SCCS"
4,5768,1082,5.38162093171666,15.3,"Optum",2,"SCCS"
4,5761,1082,5.75219446320054,8.925,"Optum",2,"SCCS"
4,2927,1082,5.5402223675605,725.475,"Optum",2,"SCCS"
4,610,1082,5.22277535780958,16.575,"Optum",2,"SCCS"
5,576,1082,2.2123353678124,2654.55,"Optum",2,"SCCS"
5,5767,1082,1.86697247706422,8.925,"Optum",2,"SCCS"
5,2764,1082,2.19590923617769,710.175,"Optum",2,"SCCS"
5,3019,1082,2.1328320802005,48.45,"Optum",2,"SCCS"
5,611,1082,2.18775900541919,117.3,"Optum",2,"SCCS"
6,345,1082,369.37037037037,327.08,"Optum",2,"SCCS"
7,2796,1082,79,245.31,"Optum",2,"SCCS"
7,622,1082,80.3008130081301,1602.25,"Optum",2,"SCCS"
7,2763,1082,81.6446280991736,5933.85,"Optum",2,"SCCS"
7,2795,1082,82.3333333333333,3532.685,"Optum",2,"SCCS"
7,1075,1082,82.3333333333333,195.585,"Optum",2,"SCCS"
7,3074,1082,77.740157480315,942.565,"Optum",2,"SCCS"
7,3075,1082,77.740157480315,838.695,"Optum",2,"SCCS"
7,1079,1082,82.3333333333333,72.93,"Optum",2,"SCCS"
7,1308,1082,82.3333333333333,130.39,"Optum",2,"SCCS"
8,3755,1082,40.6666666666667,795.6,"Optum",2,"SCCS"
8,620,1082,36.1747211895911,12.155,"Optum",2,"SCCS"
8,5831,1082,41.3728813559322,2.21,"Optum",2,"SCCS"
8,5830,1082,35.101083032491,9.945,"Optum",2,"SCCS"
8,3619,1082,40.49377593361,2153.645,"Optum",2,"SCCS"
8,1068,1082,39.8163265306122,1426.555,"Optum",2,"SCCS"
8,3892,1082,39.650406504065,697.255,"Optum",2,"SCCS"
8,1075,1082,41.5531914893617,195.585,"Optum",2,"SCCS"
8,5832,1082,41.1940928270042,176.8,"Optum",2,"SCCS"
8,3599,1082,40.6666666666667,3319.42,"Optum",2,"SCCS"
8,635,1082,40.3223140495868,1095.055,"Optum",2,"SCCS"
8,5827,1082,42.1034482758621,37.57,"Optum",2,"SCCS"
8,5825,1082,40.1522633744856,1054.17,"Optum",2,"SCCS"
8,601,1082,36.593984962406,25.415,"Optum",2,"SCCS"
8,609,1082,34.4609929078014,11.05,"Optum",2,"SCCS"
8,369,1082,39.983606557377,1267.435,"Optum",2,"SCCS"
8,3815,1082,38.6825396825397,194.48,"Optum",2,"SCCS"
8,2823,1082,29.03003003003,5.525,"Optum",2,"SCCS"
8,1079,1082,41.7350427350427,72.93,"Optum",2,"SCCS"
8,3803,1082,39.650406504065,572.39,"Optum",2,"SCCS"
8,1308,1082,41.5531914893617,130.39,"Optum",2,"SCCS"
8,1148,1082,40.6666666666667,121.55,"Optum",2,"SCCS"
8,624,1082,39,566.865,"Optum",2,"SCCS"
8,5829,1082,38.6825396825397,25.415,"Optum",2,"SCCS"
8,5828,1082,39.1606425702811,538.135,"Optum",2,"SCCS"
8,2453,1082,41.0168067226891,2183.48,"Optum",2,"SCCS"
8,366,1082,39.983606557377,13.26,"Optum",2,"SCCS"
8,1122,1082,42.1034482758621,122.655,"Optum",2,"SCCS"
8,1125,1082,39.4858299595142,56.355,"Optum",2,"SCCS"
8,1126,1082,39.3225806451613,14.365,"Optum",2,"SCCS"
9,3073,1082,25.7379679144385,405.535,"Optum",2,"SCCS"
9,5752,1082,25.5957446808511,56.355,"Optum",2,"SCCS"
9,5520,1082,20.3675213675214,4.42,"Optum",2,"SCCS"
9,3072,1082,25.7379679144385,27.625,"Optum",2,"SCCS"
9,5760,1082,26.3224043715847,37.57,"Optum",2,"SCCS"
9,609,1082,23.7524752475248,11.05,"Optum",2,"SCCS"
9,1077,1082,26.9329608938547,103.87,"Optum",2,"SCCS"
9,5522,1082,27.9017341040462,46.41,"Optum",2,"SCCS"
9,5754,1082,20.4592274678112,11.05,"Optum",2,"SCCS"
9,627,1082,26.7777777777778,78.455,"Optum",2,"SCCS"
9,5639,1082,23.0963855421687,15.47,"Optum",2,"SCCS"
9,5768,1082,23.330900243309,33.15,"Optum",2,"SCCS"
9,5761,1082,25.3852242744063,14.365,"Optum",2,"SCCS"
9,2927,1082,26.7008310249307,1808.885,"Optum",2,"SCCS"
9,610,1082,20.2765957446809,24.31,"Optum",2,"SCCS"
10,576,1082,12.6612021857923,8151.585,"Optum",2,"SCCS"
10,5767,1082,12.4952766531714,29.835,"Optum",2,"SCCS"
10,2764,1082,12.986013986014,2484.04,"Optum",2,"SCCS"
10,3019,1082,11.970168612192,154.7,"Optum",2,"SCCS"
10,611,1082,11.6422250316056,307.19,"Optum",2,"SCCS"
11,345,1082,47.780487804878,72.08,"Optum",2,"SCCS"
12,2796,1082,9.29866117404737,88.4,"Optum",2,"SCCS"
12,622,1082,9.13171225937183,410.72,"Optum",2,"SCCS"
12,2763,1082,9.52631578947368,1181.84,"Optum",2,"SCCS"
12,2795,1082,9.67235859124867,734.4,"Optum",2,"SCCS"
12,1075,1082,8.54198473282443,42.16,"Optum",2,"SCCS"
12,3074,1082,9.84598698481562,225.76,"Optum",2,"SCCS"
12,3075,1082,9.53740779768177,206.72,"Optum",2,"SCCS"
12,1079,1082,9.36269430051813,16.32,"Optum",2,"SCCS"
12,1308,1082,7.96860986547085,27.2,"Optum",2,"SCCS"
13,3755,1082,4.28262017960909,167.28,"Optum",2,"SCCS"
13,620,1082,5.07164541590771,4.08,"Optum",2,"SCCS"
13,5831,1082,4.78703703703704,2.72,"Optum",2,"SCCS"
13,5830,1082,5.64451827242525,1.36,"Optum",2,"SCCS"
13,3619,1082,4.60224089635854,482.8,"Optum",2,"SCCS"
13,1068,1082,4.32197977647685,360.4,"Optum",2,"SCCS"
13,3892,1082,4.42005420054201,171.36,"Optum",2,"SCCS"
13,1075,1082,3.83558994197292,42.16,"Optum",2,"SCCS"
13,5832,1082,4.39665407447383,53.04,"Optum",2,"SCCS"
13,3599,1082,4.52486187845304,734.4,"Optum",2,"SCCS"
13,635,1082,4.30503978779841,274.72,"Optum",2,"SCCS"
13,5827,1082,4.40248514316586,12.24,"Optum",2,"SCCS"
13,5825,1082,4.33617929562433,261.12,"Optum",2,"SCCS"
13,601,1082,3.63606861381548,12.24,"Optum",2,"SCCS"
13,609,1082,3.6882325363338,5.44,"Optum",2,"SCCS"
13,369,1082,4.35331905781585,266.56,"Optum",2,"SCCS"
13,3815,1082,4.41418516513265,51.68,"Optum",2,"SCCS"
13,2823,1082,5.83994528043776,2.72,"Optum",2,"SCCS"
13,1079,1082,4.17866390471258,16.32,"Optum",2,"SCCS"
13,3803,1082,4.47345374931582,145.52,"Optum",2,"SCCS"
13,1308,1082,3.58715596330275,27.2,"Optum",2,"SCCS"
13,1148,1082,4.89970501474926,34,"Optum",2,"SCCS"
13,624,1082,4.25210084033613,159.12,"Optum",2,"SCCS"
13,5829,1082,3.48028673835125,9.52,"Optum",2,"SCCS"
13,5828,1082,4.3276505061268,144.16,"Optum",2,"SCCS"
13,2453,1082,4.59597090095131,462.4,"Optum",2,"SCCS"
13,366,1082,5.19578686493185,0,"Optum",2,"SCCS"
13,1122,1082,4.21104742053153,34,"Optum",2,"SCCS"
13,1125,1082,4.50964187327824,21.76,"Optum",2,"SCCS"
13,1126,1082,3.68384074941452,8.16,"Optum",2,"SCCS"
14,3073,1082,2.77643504531722,112.88,"Optum",2,"SCCS"
14,5752,1082,2.14070351758794,12.24,"Optum",2,"SCCS"
14,5520,1082,3.71475719000471,4.08,"Optum",2,"SCCS"
14,3072,1082,3.11692054343351,12.24,"Optum",2,"SCCS"
14,5760,1082,2.24149108589951,6.8,"Optum",2,"SCCS"
14,609,1082,2.2605151613955,5.44,"Optum",2,"SCCS"
14,1077,1082,2.78931413414172,31.28,"Optum",2,"SCCS"
14,5522,1082,2.85951370127364,13.6,"Optum",2,"SCCS"
14,5754,1082,1.83607487237663,5.44,"Optum",2,"SCCS"
14,627,1082,2.92618767177071,19.04,"Optum",2,"SCCS"
14,5639,1082,3.08997955010225,5.44,"Optum",2,"SCCS"
14,5768,1082,2.84172109104879,9.52,"Optum",2,"SCCS"
14,5761,1082,1.33590282644242,1.36,"Optum",2,"SCCS"
14,2927,1082,2.75234521575985,473.28,"Optum",2,"SCCS"
14,610,1082,2.72300819061802,8.16,"Optum",2,"SCCS"
15,576,1082,0.817190623296384,1517.76,"Optum",2,"SCCS"
15,5767,1082,0.830161054172767,8.16,"Optum",2,"SCCS"
15,2764,1082,0.831501831501831,412.08,"Optum",2,"SCCS"
15,3019,1082,0.851166234727879,29.92,"Optum",2,"SCCS"
15,611,1082,0.760873393203029,66.64,"Optum",2,"SCCS"
1,345,1082,91.5925925925926,276.12,"CCAE",3,"SCCS"
2,2796,1082,18.5694716242661,187.2,"CCAE",3,"SCCS"
2,622,1082,19,1700.4,"CCAE",3,"SCCS"
2,2763,1082,19.1612903225806,4681.56,"CCAE",3,"SCCS"
2,2795,1082,19.0803212851406,2914.08,"CCAE",3,"SCCS"
2,1075,1082,19.2429149797571,173.16,"CCAE",3,"SCCS"
2,3074,1082,19.2020202020202,709.8,"CCAE",3,"SCCS"
2,3075,1082,19.2020202020202,630.24,"CCAE",3,"SCCS"
2,1079,1082,19.4081632653061,85.8,"CCAE",3,"SCCS"
2,1308,1082,19.2429149797571,96.72,"CCAE",3,"SCCS"
3,3755,1082,9.18329938900204,624,"CCAE",3,"SCCS"
3,620,1082,8.54198473282443,7.8,"CCAE",3,"SCCS"
3,5831,1082,NA,NA,"CCAE",3,"SCCS"
3,5830,1082,8.54198473282443,7.8,"CCAE",3,"SCCS"
3,3619,1082,9.07049345417926,1767.48,"CCAE",3,"SCCS"
3,1068,1082,9.11122345803842,1279.2,"CCAE",3,"SCCS"
3,3892,1082,9.01001001001001,605.28,"CCAE",3,"SCCS"
3,1075,1082,9.21450459652707,173.16,"CCAE",3,"SCCS"
3,5832,1082,8.74658869395711,104.52,"CCAE",3,"SCCS"
3,3599,1082,9.11122345803842,2832.96,"CCAE",3,"SCCS"
3,635,1082,9.12145748987854,920.4,"CCAE",3,"SCCS"
3,5827,1082,8.67117988394584,20.28,"CCAE",3,"SCCS"
3,5825,1082,9.13171225937183,893.88,"CCAE",3,"SCCS"
3,601,1082,8.47867298578199,12.48,"CCAE",3,"SCCS"
3,609,1082,8.97008973080758,26.52,"CCAE",3,"SCCS"
3,369,1082,9.03009027081244,1146.6,"CCAE",3,"SCCS"
3,3815,1082,9.05025125628141,182.52,"CCAE",3,"SCCS"
3,2823,1082,8.11577028258888,7.8,"CCAE",3,"SCCS"
3,1079,1082,9.33057851239669,85.8,"CCAE",3,"SCCS"
3,3803,1082,8.99000999000999,483.6,"CCAE",3,"SCCS"
3,1308,1082,9.22494887525562,96.72,"CCAE",3,"SCCS"
3,1148,1082,9.4602510460251,53.04,"CCAE",3,"SCCS"
3,624,1082,9.05025125628141,580.32,"CCAE",3,"SCCS"
3,5829,1082,8.41619585687382,20.28,"CCAE",3,"SCCS"
3,5828,1082,9.07049345417926,560.04,"CCAE",3,"SCCS"
3,2453,1082,9.15228426395939,1800.24,"CCAE",3,"SCCS"
3,366,1082,9.58201058201058,12.48,"CCAE",3,"SCCS"
3,1122,1082,9,62.4,"CCAE",3,"SCCS"
3,1125,1082,8.46969696969697,42.12,"CCAE",3,"SCCS"
3,1126,1082,7.31946755407654,10.92,"CCAE",3,"SCCS"
4,3073,1082,5.7842605156038,355.68,"CCAE",3,"SCCS"
4,5752,1082,5.6711140760507,71.76,"CCAE",3,"SCCS"
4,5520,1082,5.19195046439628,10.92,"CCAE",3,"SCCS"
4,3072,1082,5.93000693000693,26.52,"CCAE",3,"SCCS"
4,5760,1082,5.76132521974307,56.16,"CCAE",3,"SCCS"
4,609,1082,5.77506775067751,26.52,"CCAE",3,"SCCS"
4,1077,1082,5.57894736842105,76.44,"CCAE",3,"SCCS"
4,5522,1082,5.72043010752688,28.08,"CCAE",3,"SCCS"
4,5754,1082,5.93000693000693,24.96,"CCAE",3,"SCCS"
4,627,1082,5.71140939597315,85.8,"CCAE",3,"SCCS"
4,5639,1082,5.85871056241427,12.48,"CCAE",3,"SCCS"
4,5768,1082,5.7842605156038,32.76,"CCAE",3,"SCCS"
4,5761,1082,5.74763832658569,9.36,"CCAE",3,"SCCS"
4,2927,1082,5.69792364367046,1160.64,"CCAE",3,"SCCS"
4,610,1082,5.8212824010914,34.32,"CCAE",3,"SCCS"
5,576,1082,2.31564986737401,5959.2,"CCAE",3,"SCCS"
5,5767,1082,2.22997416020672,39,"CCAE",3,"SCCS"
5,2764,1082,2.34560053529609,1584.96,"CCAE",3,"SCCS"
5,3019,1082,2.16555872111428,109.2,"CCAE",3,"SCCS"
5,611,1082,2.27011118378025,226.2,"CCAE",3,"SCCS"
6,345,1082,399,641.853333333333,"CCAE",3,"SCCS"
7,2796,1082,83.0336134453782,418.6,"CCAE",3,"SCCS"
7,622,1082,85.2068965517241,4170.22666666667,"CCAE",3,"SCCS"
7,2763,1082,86.719298245614,13554.1466666667,"CCAE",3,"SCCS"
7,2795,1082,86.719298245614,8118.41333333333,"CCAE",3,"SCCS"
7,1075,1082,87.4955752212389,418.6,"CCAE",3,"SCCS"
7,3074,1082,83.7457627118644,1932.84,"CCAE",3,"SCCS"
7,3075,1082,83.0336134453782,1778.74666666667,"CCAE",3,"SCCS"
7,1079,1082,86.719298245614,169.866666666667,"CCAE",3,"SCCS"
7,1308,1082,88.2857142857143,274.213333333333,"CCAE",3,"SCCS"
8,3755,1082,42.859649122807,1638,"CCAE",3,"SCCS"
8,620,1082,42.6681222707424,14.56,"CCAE",3,"SCCS"
8,5831,1082,NA,NA,"CCAE",3,"SCCS"
8,5830,1082,42.6681222707424,14.56,"CCAE",3,"SCCS"
8,3619,1082,43.0528634361233,4836.34666666667,"CCAE",3,"SCCS"
8,1068,1082,42.2900432900433,3068.52,"CCAE",3,"SCCS"
8,3892,1082,42.1034482758621,1469.34666666667,"CCAE",3,"SCCS"
8,1075,1082,43.4444444444444,418.6,"CCAE",3,"SCCS"
8,5832,1082,42.1034482758621,217.186666666667,"CCAE",3,"SCCS"
8,3599,1082,43.2477876106195,7536.01333333333,"CCAE",3,"SCCS"
8,635,1082,42.859649122807,2353.86666666667,"CCAE",3,"SCCS"
8,5827,1082,41.7350427350427,44.8933333333333,"CCAE",3,"SCCS"
8,5825,1082,43.0528634361233,2298.05333333333,"CCAE",3,"SCCS"
8,601,1082,42.2900432900433,35.1866666666667,"CCAE",3,"SCCS"
8,609,1082,43.6428571428571,33.9733333333333,"CCAE",3,"SCCS"
8,369,1082,42.2900432900433,2930.2,"CCAE",3,"SCCS"
8,3815,1082,41.9184549356223,417.386666666667,"CCAE",3,"SCCS"
8,2823,1082,39.650406504065,12.1333333333333,"CCAE",3,"SCCS"
8,1079,1082,43.2477876106195,169.866666666667,"CCAE",3,"SCCS"
8,3803,1082,42.1034482758621,1185.42666666667,"CCAE",3,"SCCS"
8,1308,1082,43.8430493273543,274.213333333333,"CCAE",3,"SCCS"
8,1148,1082,45.7289719626168,169.866666666667,"CCAE",3,"SCCS"
8,624,1082,41.1940928270042,1241.24,"CCAE",3,"SCCS"
8,5829,1082,39.983606557377,36.4,"CCAE",3,"SCCS"
8,5828,1082,41.3728813559322,1195.13333333333,"CCAE",3,"SCCS"
8,2453,1082,43.8430493273543,5096,"CCAE",3,"SCCS"
8,366,1082,42.1034482758621,35.1866666666667,"CCAE",3,"SCCS"
8,1122,1082,43.2477876106195,135.893333333333,"CCAE",3,"SCCS"
8,1125,1082,41.0168067226891,75.2266666666667,"CCAE",3,"SCCS"
8,1126,1082,39.3225806451613,25.48,"CCAE",3,"SCCS"
9,3073,1082,27.9855072463768,964.6,"CCAE",3,"SCCS"
9,5752,1082,26.9329608938547,149.24,"CCAE",3,"SCCS"
9,5520,1082,27.0898876404494,9.70666666666667,"CCAE",3,"SCCS"
9,3072,1082,30.1526479750779,54.6,"CCAE",3,"SCCS"
9,5760,1082,26.3972602739726,111.626666666667,"CCAE",3,"SCCS"
9,609,1082,29.1204819277108,33.9733333333333,"CCAE",3,"SCCS"
9,1077,1082,27.0898876404494,198.986666666667,"CCAE",3,"SCCS"
9,5522,1082,28.0697674418605,76.44,"CCAE",3,"SCCS"
9,5754,1082,25.3157894736842,19.4133333333333,"CCAE",3,"SCCS"
9,627,1082,27.735632183908,203.84,"CCAE",3,"SCCS"
9,5639,1082,27.5714285714286,32.76,"CCAE",3,"SCCS"
9,5768,1082,28.1545189504373,82.5066666666667,"CCAE",3,"SCCS"
9,5761,1082,28.4985250737463,35.1866666666667,"CCAE",3,"SCCS"
9,2927,1082,27.735632183908,2818.57333333333,"CCAE",3,"SCCS"
9,610,1082,27.4090909090909,57.0266666666667,"CCAE",3,"SCCS"
10,576,1082,13.265335235378,19185.2266666667,"CCAE",3,"SCCS"
10,5767,1082,12.531799729364,88.5733333333333,"CCAE",3,"SCCS"
10,2764,1082,13.6412884333821,5406.61333333333,"CCAE",3,"SCCS"
10,3019,1082,13.1843971631206,370.066666666667,"CCAE",3,"SCCS"
10,611,1082,13.4092219020173,763.186666666667,"CCAE",3,"SCCS"
11,345,1082,50.8134715025907,169.866666666667,"CCAE",3,"SCCS"
12,2796,1082,10.2612612612613,119.6,"CCAE",3,"SCCS"
12,622,1082,10.4155251141553,1076.4,"CCAE",3,"SCCS"
12,2763,1082,10.7096018735363,2972.66666666667,"CCAE",3,"SCCS"
12,2795,1082,10.6822429906542,1899.73333333333,"CCAE",3,"SCCS"
12,1075,1082,10.1234705228031,105.733333333333,"CCAE",3,"SCCS"
12,3074,1082,10.5606936416185,448.933333333333,"CCAE",3,"SCCS"
12,3075,1082,10.441647597254,396.933333333333,"CCAE",3,"SCCS"
12,1079,1082,9.92896174863388,46.8,"CCAE",3,"SCCS"
12,1308,1082,10.1856823266219,65.8666666666667,"CCAE",3,"SCCS"
13,3755,1082,4.87199060481503,417.733333333333,"CCAE",3,"SCCS"
13,620,1082,5.83526999316473,8.66666666666667,"CCAE",3,"SCCS"
13,5831,1082,NA,NA,"CCAE",3,"SCCS"
13,5830,1082,5.83526999316473,8.66666666666667,"CCAE",3,"SCCS"
13,3619,1082,4.85823081429408,1149.2,"CCAE",3,"SCCS"
13,1068,1082,4.941770647653,849.333333333333,"CCAE",3,"SCCS"
13,3892,1082,4.88928150765607,435.066666666667,"CCAE",3,"SCCS"
13,1075,1082,4.61482313307131,105.733333333333,"CCAE",3,"SCCS"
13,5832,1082,4.75373993095512,76.2666666666667,"CCAE",3,"SCCS"
13,3599,1082,4.94530321046373,1790.53333333333,"CCAE",3,"SCCS"
13,635,1082,5.02409638554217,610.133333333333,"CCAE",3,"SCCS"
13,5827,1082,5.10873549175321,13.8666666666667,"CCAE",3,"SCCS"
13,5825,1082,5.02772754671489,592.8,"CCAE",3,"SCCS"
13,601,1082,5.08642726719416,8.66666666666667,"CCAE",3,"SCCS"
13,609,1082,4.85823081429408,26,"CCAE",3,"SCCS"
13,369,1082,5.04960677555959,743.6,"CCAE",3,"SCCS"
13,3815,1082,4.98802395209581,138.666666666667,"CCAE",3,"SCCS"
13,2823,1082,5.30517023959647,5.2,"CCAE",3,"SCCS"
13,1079,1082,4.52486187845304,46.8,"CCAE",3,"SCCS"
13,3803,1082,4.86510263929619,341.466666666667,"CCAE",3,"SCCS"
13,1308,1082,4.65291124929339,65.8666666666667,"CCAE",3,"SCCS"
13,1148,1082,4.824111822947,29.4666666666667,"CCAE",3,"SCCS"
13,624,1082,4.78368999421631,391.733333333333,"CCAE",3,"SCCS"
13,5829,1082,5.57030223390276,20.8,"CCAE",3,"SCCS"
13,5828,1082,4.78034682080925,370.933333333333,"CCAE",3,"SCCS"
13,2453,1082,5.04960677555959,1173.46666666667,"CCAE",3,"SCCS"
13,366,1082,4.87889476778366,8.66666666666667,"CCAE",3,"SCCS"
13,1122,1082,4.64971751412429,41.6,"CCAE",3,"SCCS"
13,1125,1082,5.1012812690665,38.1333333333333,"CCAE",3,"SCCS"
13,1126,1082,3.54338936846888,8.66666666666667,"CCAE",3,"SCCS"
14,3073,1082,2.86398763523957,218.4,"CCAE",3,"SCCS"
14,5752,1082,2.7821482602118,38.1333333333333,"CCAE",3,"SCCS"
14,5520,1082,2.66032210834553,8.66666666666667,"CCAE",3,"SCCS"
14,3072,1082,3.29737859905458,19.0666666666667,"CCAE",3,"SCCS"
14,5760,1082,2.72300819061802,26,"CCAE",3,"SCCS"
14,609,1082,2.97930760047752,26,"CCAE",3,"SCCS"
14,1077,1082,2.88953714507974,46.8,"CCAE",3,"SCCS"
14,5522,1082,2.81533765738268,15.6,"CCAE",3,"SCCS"
14,5754,1082,3.11861614497529,13.8666666666667,"CCAE",3,"SCCS"
14,627,1082,2.77643504531722,58.9333333333333,"CCAE",3,"SCCS"
14,5639,1082,2.95413206801107,8.66666666666667,"CCAE",3,"SCCS"
14,5768,1082,2.91236306729264,13.8666666666667,"CCAE",3,"SCCS"
14,5761,1082,3.06669377795852,5.2,"CCAE",3,"SCCS"
14,2927,1082,2.89863547758285,741.866666666667,"CCAE",3,"SCCS"
14,610,1082,3.29000429000429,20.8,"CCAE",3,"SCCS"
15,576,1082,0.933114247052001,3614,"CCAE",3,"SCCS"
15,5767,1082,1.1519259737465,31.2,"CCAE",3,"SCCS"
15,2764,1082,0.948178453146308,918.666666666667,"CCAE",3,"SCCS"
15,3019,1082,0.943634596695821,60.6666666666667,"CCAE",3,"SCCS"
15,611,1082,0.953506544246923,140.4,"CCAE",3,"SCCS"
1,345,1082,87.4955752212389,152.88,"Optum",3,"SCCS"
2,2796,1082,17.3823529411765,145.08,"Optum",3,"SCCS"
2,622,1082,17.7617260787992,843.96,"Optum",3,"SCCS"
2,2763,1082,18.1204588910134,2549.04,"Optum",3,"SCCS"
2,2795,1082,18.1204588910134,1581.84,"Optum",3,"SCCS"
2,1075,1082,18.3050193050193,93.6,"Optum",3,"SCCS"
2,3074,1082,18.2678227360308,458.64,"Optum",3,"SCCS"
2,3075,1082,18.3050193050193,424.32,"Optum",3,"SCCS"
2,1079,1082,18.2678227360308,39,"Optum",3,"SCCS"
2,1308,1082,18.3423597678917,57.72,"Optum",3,"SCCS"
3,3755,1082,8.68054211035818,354.12,"Optum",3,"SCCS"
3,620,1082,8.74658869395711,4.68,"Optum",3,"SCCS"
3,5831,1082,8.74658869395711,3.12,"Optum",3,"SCCS"
3,5830,1082,8.74658869395711,1.56,"Optum",3,"SCCS"
3,3619,1082,8.65250965250965,959.4,"Optum",3,"SCCS"
3,1068,1082,8.56937799043062,714.48,"Optum",3,"SCCS"
3,3892,1082,8.46969696969697,341.64,"Optum",3,"SCCS"
3,1075,1082,8.78473581213307,93.6,"Optum",3,"SCCS"
3,5832,1082,8.71817298347911,99.84,"Optum",3,"SCCS"
3,3599,1082,8.68054211035818,1458.6,"Optum",3,"SCCS"
3,635,1082,8.49667616334283,549.12,"Optum",3,"SCCS"
3,5827,1082,8.64320154291225,24.96,"Optum",3,"SCCS"
3,5825,1082,8.4876660341556,517.92,"Optum",3,"SCCS"
3,601,1082,8.02527075812274,23.4,"Optum",3,"SCCS"
3,609,1082,9.66098081023454,7.8,"Optum",3,"SCCS"
3,369,1082,8.58772770853308,581.88,"Optum",3,"SCCS"
3,3815,1082,8.15750915750916,93.6,"Optum",3,"SCCS"
3,2823,1082,8.74658869395711,3.12,"Optum",3,"SCCS"
3,1079,1082,8.63391136801541,39,"Optum",3,"SCCS"
3,3803,1082,8.53288846520496,290.16,"Optum",3,"SCCS"
3,1308,1082,8.88142292490119,57.72,"Optum",3,"SCCS"
3,1148,1082,8.78473581213307,70.2,"Optum",3,"SCCS"
3,624,1082,8.58772770853308,297.96,"Optum",3,"SCCS"
3,5829,1082,8.04159132007233,14.04,"Optum",3,"SCCS"
3,5828,1082,8.67117988394584,274.56,"Optum",3,"SCCS"
3,2453,1082,8.68054211035818,893.88,"Optum",3,"SCCS"
3,366,1082,8.74658869395711,3.12,"Optum",3,"SCCS"
3,1122,1082,8.8135426889107,63.96,"Optum",3,"SCCS"
3,1125,1082,8.50570342205323,40.56,"Optum",3,"SCCS"
3,1126,1082,7.73362445414847,10.92,"Optum",3,"SCCS"
4,3073,1082,5.43086816720257,209.04,"Optum",3,"SCCS"
4,5752,1082,5.6006600660066,26.52,"Optum",3,"SCCS"
4,5520,1082,5.50195058517555,4.68,"Optum",3,"SCCS"
4,3072,1082,5.265664160401,17.16,"Optum",3,"SCCS"
4,5760,1082,5.50195058517555,10.92,"Optum",3,"SCCS"
4,609,1082,6.41839762611276,7.8,"Optum",3,"SCCS"
4,1077,1082,5.38569604086845,51.48,"Optum",3,"SCCS"
4,5522,1082,5.5402223675605,18.72,"Optum",3,"SCCS"
4,5754,1082,5.34517766497462,14.04,"Optum",3,"SCCS"
4,627,1082,5.64010624169987,35.88,"Optum",3,"SCCS"
4,5639,1082,5.50195058517555,7.8,"Optum",3,"SCCS"
4,5768,1082,5.38162093171666,18.72,"Optum",3,"SCCS"
4,5761,1082,5.75219446320054,10.92,"Optum",3,"SCCS"
4,2927,1082,5.5402223675605,887.64,"Optum",3,"SCCS"
4,610,1082,5.22277535780958,20.28,"Optum",3,"SCCS"
5,576,1082,2.2123353678124,3247.92,"Optum",3,"SCCS"
5,5767,1082,1.86697247706422,10.92,"Optum",3,"SCCS"
5,2764,1082,2.19590923617769,868.92,"Optum",3,"SCCS"
5,3019,1082,2.1328320802005,59.28,"Optum",3,"SCCS"
5,611,1082,2.18775900541919,143.52,"Optum",3,"SCCS"
6,345,1082,369.37037037037,359.146666666667,"Optum",3,"SCCS"
7,2796,1082,79,269.36,"Optum",3,"SCCS"
7,622,1082,80.3008130081301,1759.33333333333,"Optum",3,"SCCS"
7,2763,1082,81.6446280991736,6515.6,"Optum",3,"SCCS"
7,2795,1082,82.3333333333333,3879.02666666667,"Optum",3,"SCCS"
7,1075,1082,82.3333333333333,214.76,"Optum",3,"SCCS"
7,3074,1082,77.740157480315,1034.97333333333,"Optum",3,"SCCS"
7,3075,1082,77.740157480315,920.92,"Optum",3,"SCCS"
7,1079,1082,82.3333333333333,80.08,"Optum",3,"SCCS"
7,1308,1082,82.3333333333333,143.173333333333,"Optum",3,"SCCS"
8,3755,1082,40.6666666666667,873.6,"Optum",3,"SCCS"
8,620,1082,36.1747211895911,13.3466666666667,"Optum",3,"SCCS"
8,5831,1082,41.3728813559322,2.42666666666667,"Optum",3,"SCCS"
8,5830,1082,35.101083032491,10.92,"Optum",3,"SCCS"
8,3619,1082,40.49377593361,2364.78666666667,"Optum",3,"SCCS"
8,1068,1082,39.8163265306122,1566.41333333333,"Optum",3,"SCCS"
8,3892,1082,39.650406504065,765.613333333333,"Optum",3,"SCCS"
8,1075,1082,41.5531914893617,214.76,"Optum",3,"SCCS"
8,5832,1082,41.1940928270042,194.133333333333,"Optum",3,"SCCS"
8,3599,1082,40.6666666666667,3644.85333333333,"Optum",3,"SCCS"
8,635,1082,40.3223140495868,1202.41333333333,"Optum",3,"SCCS"
8,5827,1082,42.1034482758621,41.2533333333333,"Optum",3,"SCCS"
8,5825,1082,40.1522633744856,1157.52,"Optum",3,"SCCS"
8,601,1082,36.593984962406,27.9066666666667,"Optum",3,"SCCS"
8,609,1082,34.4609929078014,12.1333333333333,"Optum",3,"SCCS"
8,369,1082,39.983606557377,1391.69333333333,"Optum",3,"SCCS"
8,3815,1082,38.6825396825397,213.546666666667,"Optum",3,"SCCS"
8,2823,1082,29.03003003003,6.06666666666667,"Optum",3,"SCCS"
8,1079,1082,41.7350427350427,80.08,"Optum",3,"SCCS"
8,3803,1082,39.650406504065,628.506666666667,"Optum",3,"SCCS"
8,1308,1082,41.5531914893617,143.173333333333,"Optum",3,"SCCS"
8,1148,1082,40.6666666666667,133.466666666667,"Optum",3,"SCCS"
8,624,1082,39,622.44,"Optum",3,"SCCS"
8,5829,1082,38.6825396825397,27.9066666666667,"Optum",3,"SCCS"
8,5828,1082,39.1606425702811,590.893333333333,"Optum",3,"SCCS"
8,2453,1082,41.0168067226891,2397.54666666667,"Optum",3,"SCCS"
8,366,1082,39.983606557377,14.56,"Optum",3,"SCCS"
8,1122,1082,42.1034482758621,134.68,"Optum",3,"SCCS"
8,1125,1082,39.4858299595142,61.88,"Optum",3,"SCCS"
8,1126,1082,39.3225806451613,15.7733333333333,"Optum",3,"SCCS"
9,3073,1082,25.7379679144385,445.293333333333,"Optum",3,"SCCS"
9,5752,1082,25.5957446808511,61.88,"Optum",3,"SCCS"
9,5520,1082,20.3675213675214,4.85333333333333,"Optum",3,"SCCS"
9,3072,1082,25.7379679144385,30.3333333333333,"Optum",3,"SCCS"
9,5760,1082,26.3224043715847,41.2533333333333,"Optum",3,"SCCS"
9,609,1082,23.7524752475248,12.1333333333333,"Optum",3,"SCCS"
9,1077,1082,26.9329608938547,114.053333333333,"Optum",3,"SCCS"
9,5522,1082,27.9017341040462,50.96,"Optum",3,"SCCS"
9,5754,1082,20.4592274678112,12.1333333333333,"Optum",3,"SCCS"
9,627,1082,26.7777777777778,86.1466666666667,"Optum",3,"SCCS"
9,5639,1082,23.0963855421687,16.9866666666667,"Optum",3,"SCCS"
9,5768,1082,23.330900243309,36.4,"Optum",3,"SCCS"
9,5761,1082,25.3852242744063,15.7733333333333,"Optum",3,"SCCS"
9,2927,1082,26.7008310249307,1986.22666666667,"Optum",3,"SCCS"
9,610,1082,20.2765957446809,26.6933333333333,"Optum",3,"SCCS"
10,576,1082,12.6612021857923,8950.76,"Optum",3,"SCCS"
10,5767,1082,12.4952766531714,32.76,"Optum",3,"SCCS"
10,2764,1082,12.986013986014,2727.57333333333,"Optum",3,"SCCS"
10,3019,1082,11.970168612192,169.866666666667,"Optum",3,"SCCS"
10,611,1082,11.6422250316056,337.306666666667,"Optum",3,"SCCS"
11,345,1082,47.780487804878,91.8666666666667,"Optum",3,"SCCS"
12,2796,1082,9.29866117404737,112.666666666667,"Optum",3,"SCCS"
12,622,1082,9.13171225937183,523.466666666667,"Optum",3,"SCCS"
12,2763,1082,9.52631578947368,1506.26666666667,"Optum",3,"SCCS"
12,2795,1082,9.67235859124867,936,"Optum",3,"SCCS"
12,1075,1082,8.54198473282443,53.7333333333333,"Optum",3,"SCCS"
12,3074,1082,9.84598698481562,287.733333333333,"Optum",3,"SCCS"
12,3075,1082,9.53740779768177,263.466666666667,"Optum",3,"SCCS"
12,1079,1082,9.36269430051813,20.8,"Optum",3,"SCCS"
12,1308,1082,7.96860986547085,34.6666666666667,"Optum",3,"SCCS"
13,3755,1082,4.28262017960909,213.2,"Optum",3,"SCCS"
13,620,1082,5.07164541590771,5.2,"Optum",3,"SCCS"
13,5831,1082,4.78703703703704,3.46666666666667,"Optum",3,"SCCS"
13,5830,1082,5.64451827242525,1.73333333333333,"Optum",3,"SCCS"
13,3619,1082,4.60224089635854,615.333333333333,"Optum",3,"SCCS"
13,1068,1082,4.32197977647685,459.333333333333,"Optum",3,"SCCS"
13,3892,1082,4.42005420054201,218.4,"Optum",3,"SCCS"
13,1075,1082,3.83558994197292,53.7333333333333,"Optum",3,"SCCS"
13,5832,1082,4.39665407447383,67.6,"Optum",3,"SCCS"
13,3599,1082,4.52486187845304,936,"Optum",3,"SCCS"
13,635,1082,4.30503978779841,350.133333333333,"Optum",3,"SCCS"
13,5827,1082,4.40248514316586,15.6,"Optum",3,"SCCS"
13,5825,1082,4.33617929562433,332.8,"Optum",3,"SCCS"
13,601,1082,3.63606861381548,15.6,"Optum",3,"SCCS"
13,609,1082,3.6882325363338,6.93333333333333,"Optum",3,"SCCS"
13,369,1082,4.35331905781585,339.733333333333,"Optum",3,"SCCS"
13,3815,1082,4.41418516513265,65.8666666666667,"Optum",3,"SCCS"
13,2823,1082,5.83994528043776,3.46666666666667,"Optum",3,"SCCS"
13,1079,1082,4.17866390471258,20.8,"Optum",3,"SCCS"
13,3803,1082,4.47345374931582,185.466666666667,"Optum",3,"SCCS"
13,1308,1082,3.58715596330275,34.6666666666667,"Optum",3,"SCCS"
13,1148,1082,4.89970501474926,43.3333333333333,"Optum",3,"SCCS"
13,624,1082,4.25210084033613,202.8,"Optum",3,"SCCS"
13,5829,1082,3.48028673835125,12.1333333333333,"Optum",3,"SCCS"
13,5828,1082,4.3276505061268,183.733333333333,"Optum",3,"SCCS"
13,2453,1082,4.59597090095131,589.333333333333,"Optum",3,"SCCS"
13,366,1082,5.19578686493185,0,"Optum",3,"SCCS"
13,1122,1082,4.21104742053153,43.3333333333333,"Optum",3,"SCCS"
13,1125,1082,4.50964187327824,27.7333333333333,"Optum",3,"SCCS"
13,1126,1082,3.68384074941452,10.4,"Optum",3,"SCCS"
14,3073,1082,2.77643504531722,143.866666666667,"Optum",3,"SCCS"
14,5752,1082,2.14070351758794,15.6,"Optum",3,"SCCS"
14,5520,1082,3.71475719000471,5.2,"Optum",3,"SCCS"
14,3072,1082,3.11692054343351,15.6,"Optum",3,"SCCS"
14,5760,1082,2.24149108589951,8.66666666666667,"Optum",3,"SCCS"
14,609,1082,2.2605151613955,6.93333333333333,"Optum",3,"SCCS"
14,1077,1082,2.78931413414172,39.8666666666667,"Optum",3,"SCCS"
14,5522,1082,2.85951370127364,17.3333333333333,"Optum",3,"SCCS"
14,5754,1082,1.83607487237663,6.93333333333333,"Optum",3,"SCCS"
14,627,1082,2.92618767177071,24.2666666666667,"Optum",3,"SCCS"
14,5639,1082,3.08997955010225,6.93333333333333,"Optum",3,"SCCS"
14,5768,1082,2.84172109104879,12.1333333333333,"Optum",3,"SCCS"
14,5761,1082,1.33590282644242,1.73333333333333,"Optum",3,"SCCS"
14,2927,1082,2.75234521575985,603.2,"Optum",3,"SCCS"
14,610,1082,2.72300819061802,10.4,"Optum",3,"SCCS"
15,576,1082,0.817190623296384,1934.4,"Optum",3,"SCCS"
15,5767,1082,0.830161054172767,10.4,"Optum",3,"SCCS"
15,2764,1082,0.831501831501831,525.2,"Optum",3,"SCCS"
15,3019,1082,0.851166234727879,38.1333333333333,"Optum",3,"SCCS"
15,611,1082,0.760873393203029,84.9333333333333,"Optum",3,"SCCS"
1,345,1082,91.5925925925926,328.335,"CCAE",4,"SCCS"
2,2796,1082,18.5694716242661,222.6,"CCAE",4,"SCCS"
2,622,1082,19,2021.95,"CCAE",4,"SCCS"
2,2763,1082,19.1612903225806,5566.855,"CCAE",4,"SCCS"
2,2795,1082,19.0803212851406,3465.14,"CCAE",4,"SCCS"
2,1075,1082,19.2429149797571,205.905,"CCAE",4,"SCCS"
2,3074,1082,19.2020202020202,844.025,"CCAE",4,"SCCS"
2,3075,1082,19.2020202020202,749.42,"CCAE",4,"SCCS"
2,1079,1082,19.4081632653061,102.025,"CCAE",4,"SCCS"
2,1308,1082,19.2429149797571,115.01,"CCAE",4,"SCCS"
3,3755,1082,9.18329938900204,742,"CCAE",4,"SCCS"
3,620,1082,8.54198473282443,9.275,"CCAE",4,"SCCS"
3,5831,1082,NA,NA,"CCAE",4,"SCCS"
3,5830,1082,8.54198473282443,9.275,"CCAE",4,"SCCS"
3,3619,1082,9.07049345417926,2101.715,"CCAE",4,"SCCS"
3,1068,1082,9.11122345803842,1521.1,"CCAE",4,"SCCS"
3,3892,1082,9.01001001001001,719.74,"CCAE",4,"SCCS"
3,1075,1082,9.21450459652707,205.905,"CCAE",4,"SCCS"
3,5832,1082,8.74658869395711,124.285,"CCAE",4,"SCCS"
3,3599,1082,9.11122345803842,3368.68,"CCAE",4,"SCCS"
3,635,1082,9.12145748987854,1094.45,"CCAE",4,"SCCS"
3,5827,1082,8.67117988394584,24.115,"CCAE",4,"SCCS"
3,5825,1082,9.13171225937183,1062.915,"CCAE",4,"SCCS"
3,601,1082,8.47867298578199,14.84,"CCAE",4,"SCCS"
3,609,1082,8.97008973080758,31.535,"CCAE",4,"SCCS"
3,369,1082,9.03009027081244,1363.425,"CCAE",4,"SCCS"
3,3815,1082,9.05025125628141,217.035,"CCAE",4,"SCCS"
3,2823,1082,8.11577028258888,9.275,"CCAE",4,"SCCS"
3,1079,1082,9.33057851239669,102.025,"CCAE",4,"SCCS"
3,3803,1082,8.99000999000999,575.05,"CCAE",4,"SCCS"
3,1308,1082,9.22494887525562,115.01,"CCAE",4,"SCCS"
3,1148,1082,9.4602510460251,63.07,"CCAE",4,"SCCS"
3,624,1082,9.05025125628141,690.06,"CCAE",4,"SCCS"
3,5829,1082,8.41619585687382,24.115,"CCAE",4,"SCCS"
3,5828,1082,9.07049345417926,665.945,"CCAE",4,"SCCS"
3,2453,1082,9.15228426395939,2140.67,"CCAE",4,"SCCS"
3,366,1082,9.58201058201058,14.84,"CCAE",4,"SCCS"
3,1122,1082,9,74.2,"CCAE",4,"SCCS"
3,1125,1082,8.46969696969697,50.085,"CCAE",4,"SCCS"
3,1126,1082,7.31946755407654,12.985,"CCAE",4,"SCCS"
4,3073,1082,5.7842605156038,422.94,"CCAE",4,"SCCS"
4,5752,1082,5.6711140760507,85.33,"CCAE",4,"SCCS"
4,5520,1082,5.19195046439628,12.985,"CCAE",4,"SCCS"
4,3072,1082,5.93000693000693,31.535,"CCAE",4,"SCCS"
4,5760,1082,5.76132521974307,66.78,"CCAE",4,"SCCS"
4,609,1082,5.77506775067751,31.535,"CCAE",4,"SCCS"
4,1077,1082,5.57894736842105,90.895,"CCAE",4,"SCCS"
4,5522,1082,5.72043010752688,33.39,"CCAE",4,"SCCS"
4,5754,1082,5.93000693000693,29.68,"CCAE",4,"SCCS"
4,627,1082,5.71140939597315,102.025,"CCAE",4,"SCCS"
4,5639,1082,5.85871056241427,14.84,"CCAE",4,"SCCS"
4,5768,1082,5.7842605156038,38.955,"CCAE",4,"SCCS"
4,5761,1082,5.74763832658569,11.13,"CCAE",4,"SCCS"
4,2927,1082,5.69792364367046,1380.12,"CCAE",4,"SCCS"
4,610,1082,5.8212824010914,40.81,"CCAE",4,"SCCS"
5,576,1082,2.31564986737401,7086.1,"CCAE",4,"SCCS"
5,5767,1082,2.22997416020672,46.375,"CCAE",4,"SCCS"
5,2764,1082,2.34560053529609,1884.68,"CCAE",4,"SCCS"
5,3019,1082,2.16555872111428,129.85,"CCAE",4,"SCCS"
5,611,1082,2.27011118378025,268.975,"CCAE",4,"SCCS"
6,345,1082,399,700.925,"CCAE",4,"SCCS"
7,2796,1082,83.0336134453782,457.125,"CCAE",4,"SCCS"
7,622,1082,85.2068965517241,4554.025,"CCAE",4,"SCCS"
7,2763,1082,86.719298245614,14801.575,"CCAE",4,"SCCS"
7,2795,1082,86.719298245614,8865.575,"CCAE",4,"SCCS"
7,1075,1082,87.4955752212389,457.125,"CCAE",4,"SCCS"
7,3074,1082,83.7457627118644,2110.725,"CCAE",4,"SCCS"
7,3075,1082,83.0336134453782,1942.45,"CCAE",4,"SCCS"
7,1079,1082,86.719298245614,185.5,"CCAE",4,"SCCS"
7,1308,1082,88.2857142857143,299.45,"CCAE",4,"SCCS"
8,3755,1082,42.859649122807,1788.75,"CCAE",4,"SCCS"
8,620,1082,42.6681222707424,15.9,"CCAE",4,"SCCS"
8,5831,1082,NA,NA,"CCAE",4,"SCCS"
8,5830,1082,42.6681222707424,15.9,"CCAE",4,"SCCS"
8,3619,1082,43.0528634361233,5281.45,"CCAE",4,"SCCS"
8,1068,1082,42.2900432900433,3350.925,"CCAE",4,"SCCS"
8,3892,1082,42.1034482758621,1604.575,"CCAE",4,"SCCS"
8,1075,1082,43.4444444444444,457.125,"CCAE",4,"SCCS"
8,5832,1082,42.1034482758621,237.175,"CCAE",4,"SCCS"
8,3599,1082,43.2477876106195,8229.575,"CCAE",4,"SCCS"
8,635,1082,42.859649122807,2570.5,"CCAE",4,"SCCS"
8,5827,1082,41.7350427350427,49.025,"CCAE",4,"SCCS"
8,5825,1082,43.0528634361233,2509.55,"CCAE",4,"SCCS"
8,601,1082,42.2900432900433,38.425,"CCAE",4,"SCCS"
8,609,1082,43.6428571428571,37.1,"CCAE",4,"SCCS"
8,369,1082,42.2900432900433,3199.875,"CCAE",4,"SCCS"
8,3815,1082,41.9184549356223,455.8,"CCAE",4,"SCCS"
8,2823,1082,39.650406504065,13.25,"CCAE",4,"SCCS"
8,1079,1082,43.2477876106195,185.5,"CCAE",4,"SCCS"
8,3803,1082,42.1034482758621,1294.525,"CCAE",4,"SCCS"
8,1308,1082,43.8430493273543,299.45,"CCAE",4,"SCCS"
8,1148,1082,45.7289719626168,185.5,"CCAE",4,"SCCS"
8,624,1082,41.1940928270042,1355.475,"CCAE",4,"SCCS"
8,5829,1082,39.983606557377,39.75,"CCAE",4,"SCCS"
8,5828,1082,41.3728813559322,1305.125,"CCAE",4,"SCCS"
8,2453,1082,43.8430493273543,5565,"CCAE",4,"SCCS"
8,366,1082,42.1034482758621,38.425,"CCAE",4,"SCCS"
8,1122,1082,43.2477876106195,148.4,"CCAE",4,"SCCS"
8,1125,1082,41.0168067226891,82.15,"CCAE",4,"SCCS"
8,1126,1082,39.3225806451613,27.825,"CCAE",4,"SCCS"
9,3073,1082,27.9855072463768,1053.375,"CCAE",4,"SCCS"
9,5752,1082,26.9329608938547,162.975,"CCAE",4,"SCCS"
9,5520,1082,27.0898876404494,10.6,"CCAE",4,"SCCS"
9,3072,1082,30.1526479750779,59.625,"CCAE",4,"SCCS"
9,5760,1082,26.3972602739726,121.9,"CCAE",4,"SCCS"
9,609,1082,29.1204819277108,37.1,"CCAE",4,"SCCS"
9,1077,1082,27.0898876404494,217.3,"CCAE",4,"SCCS"
9,5522,1082,28.0697674418605,83.475,"CCAE",4,"SCCS"
9,5754,1082,25.3157894736842,21.2,"CCAE",4,"SCCS"
9,627,1082,27.735632183908,222.6,"CCAE",4,"SCCS"
9,5639,1082,27.5714285714286,35.775,"CCAE",4,"SCCS"
9,5768,1082,28.1545189504373,90.1,"CCAE",4,"SCCS"
9,5761,1082,28.4985250737463,38.425,"CCAE",4,"SCCS"
9,2927,1082,27.735632183908,3077.975,"CCAE",4,"SCCS"
9,610,1082,27.4090909090909,62.275,"CCAE",4,"SCCS"
10,576,1082,13.265335235378,20950.9,"CCAE",4,"SCCS"
10,5767,1082,12.531799729364,96.725,"CCAE",4,"SCCS"
10,2764,1082,13.6412884333821,5904.2,"CCAE",4,"SCCS"
10,3019,1082,13.1843971631206,404.125,"CCAE",4,"SCCS"
10,611,1082,13.4092219020173,833.425,"CCAE",4,"SCCS"
11,345,1082,50.8134715025907,207.76,"CCAE",4,"SCCS"
12,2796,1082,10.2612612612613,146.28,"CCAE",4,"SCCS"
12,622,1082,10.4155251141553,1316.52,"CCAE",4,"SCCS"
12,2763,1082,10.7096018735363,3635.8,"CCAE",4,"SCCS"
12,2795,1082,10.6822429906542,2323.52,"CCAE",4,"SCCS"
12,1075,1082,10.1234705228031,129.32,"CCAE",4,"SCCS"
12,3074,1082,10.5606936416185,549.08,"CCAE",4,"SCCS"
12,3075,1082,10.441647597254,485.48,"CCAE",4,"SCCS"
12,1079,1082,9.92896174863388,57.24,"CCAE",4,"SCCS"
12,1308,1082,10.1856823266219,80.56,"CCAE",4,"SCCS"
13,3755,1082,4.87199060481503,510.92,"CCAE",4,"SCCS"
13,620,1082,5.83526999316473,10.6,"CCAE",4,"SCCS"
13,5831,1082,NA,NA,"CCAE",4,"SCCS"
13,5830,1082,5.83526999316473,10.6,"CCAE",4,"SCCS"
13,3619,1082,4.85823081429408,1405.56,"CCAE",4,"SCCS"
13,1068,1082,4.941770647653,1038.8,"CCAE",4,"SCCS"
13,3892,1082,4.88928150765607,532.12,"CCAE",4,"SCCS"
13,1075,1082,4.61482313307131,129.32,"CCAE",4,"SCCS"
13,5832,1082,4.75373993095512,93.28,"CCAE",4,"SCCS"
13,3599,1082,4.94530321046373,2189.96,"CCAE",4,"SCCS"
13,635,1082,5.02409638554217,746.24,"CCAE",4,"SCCS"
13,5827,1082,5.10873549175321,16.96,"CCAE",4,"SCCS"
13,5825,1082,5.02772754671489,725.04,"CCAE",4,"SCCS"
13,601,1082,5.08642726719416,10.6,"CCAE",4,"SCCS"
13,609,1082,4.85823081429408,31.8,"CCAE",4,"SCCS"
13,369,1082,5.04960677555959,909.48,"CCAE",4,"SCCS"
13,3815,1082,4.98802395209581,169.6,"CCAE",4,"SCCS"
13,2823,1082,5.30517023959647,6.36,"CCAE",4,"SCCS"
13,1079,1082,4.52486187845304,57.24,"CCAE",4,"SCCS"
13,3803,1082,4.86510263929619,417.64,"CCAE",4,"SCCS"
13,1308,1082,4.65291124929339,80.56,"CCAE",4,"SCCS"
13,1148,1082,4.824111822947,36.04,"CCAE",4,"SCCS"
13,624,1082,4.78368999421631,479.12,"CCAE",4,"SCCS"
13,5829,1082,5.57030223390276,25.44,"CCAE",4,"SCCS"
13,5828,1082,4.78034682080925,453.68,"CCAE",4,"SCCS"
13,2453,1082,5.04960677555959,1435.24,"CCAE",4,"SCCS"
13,366,1082,4.87889476778366,10.6,"CCAE",4,"SCCS"
13,1122,1082,4.64971751412429,50.88,"CCAE",4,"SCCS"
13,1125,1082,5.1012812690665,46.64,"CCAE",4,"SCCS"
13,1126,1082,3.54338936846888,10.6,"CCAE",4,"SCCS"
14,3073,1082,2.86398763523957,267.12,"CCAE",4,"SCCS"
14,5752,1082,2.7821482602118,46.64,"CCAE",4,"SCCS"
14,5520,1082,2.66032210834553,10.6,"CCAE",4,"SCCS"
14,3072,1082,3.29737859905458,23.32,"CCAE",4,"SCCS"
14,5760,1082,2.72300819061802,31.8,"CCAE",4,"SCCS"
14,609,1082,2.97930760047752,31.8,"CCAE",4,"SCCS"
14,1077,1082,2.88953714507974,57.24,"CCAE",4,"SCCS"
14,5522,1082,2.81533765738268,19.08,"CCAE",4,"SCCS"
14,5754,1082,3.11861614497529,16.96,"CCAE",4,"SCCS"
14,627,1082,2.77643504531722,72.08,"CCAE",4,"SCCS"
14,5639,1082,2.95413206801107,10.6,"CCAE",4,"SCCS"
14,5768,1082,2.91236306729264,16.96,"CCAE",4,"SCCS"
14,5761,1082,3.06669377795852,6.36,"CCAE",4,"SCCS"
14,2927,1082,2.89863547758285,907.36,"CCAE",4,"SCCS"
14,610,1082,3.29000429000429,25.44,"CCAE",4,"SCCS"
15,576,1082,0.933114247052001,4420.2,"CCAE",4,"SCCS"
15,5767,1082,1.1519259737465,38.16,"CCAE",4,"SCCS"
15,2764,1082,0.948178453146308,1123.6,"CCAE",4,"SCCS"
15,3019,1082,0.943634596695821,74.2,"CCAE",4,"SCCS"
15,611,1082,0.953506544246923,171.72,"CCAE",4,"SCCS"
1,345,1082,87.4955752212389,181.79,"Optum",4,"SCCS"
2,2796,1082,17.3823529411765,172.515,"Optum",4,"SCCS"
2,622,1082,17.7617260787992,1003.555,"Optum",4,"SCCS"
2,2763,1082,18.1204588910134,3031.07,"Optum",4,"SCCS"
2,2795,1082,18.1204588910134,1880.97,"Optum",4,"SCCS"
2,1075,1082,18.3050193050193,111.3,"Optum",4,"SCCS"
2,3074,1082,18.2678227360308,545.37,"Optum",4,"SCCS"
2,3075,1082,18.3050193050193,504.56,"Optum",4,"SCCS"
2,1079,1082,18.2678227360308,46.375,"Optum",4,"SCCS"
2,1308,1082,18.3423597678917,68.635,"Optum",4,"SCCS"
3,3755,1082,8.68054211035818,421.085,"Optum",4,"SCCS"
3,620,1082,8.74658869395711,5.565,"Optum",4,"SCCS"
3,5831,1082,8.74658869395711,3.71,"Optum",4,"SCCS"
3,5830,1082,8.74658869395711,1.855,"Optum",4,"SCCS"
3,3619,1082,8.65250965250965,1140.825,"Optum",4,"SCCS"
3,1068,1082,8.56937799043062,849.59,"Optum",4,"SCCS"
3,3892,1082,8.46969696969697,406.245,"Optum",4,"SCCS"
3,1075,1082,8.78473581213307,111.3,"Optum",4,"SCCS"
3,5832,1082,8.71817298347911,118.72,"Optum",4,"SCCS"
3,3599,1082,8.68054211035818,1734.425,"Optum",4,"SCCS"
3,635,1082,8.49667616334283,652.96,"Optum",4,"SCCS"
3,5827,1082,8.64320154291225,29.68,"Optum",4,"SCCS"
3,5825,1082,8.4876660341556,615.86,"Optum",4,"SCCS"
3,601,1082,8.02527075812274,27.825,"Optum",4,"SCCS"
3,609,1082,9.66098081023454,9.275,"Optum",4,"SCCS"
3,369,1082,8.58772770853308,691.915,"Optum",4,"SCCS"
3,3815,1082,8.15750915750916,111.3,"Optum",4,"SCCS"
3,2823,1082,8.74658869395711,3.71,"Optum",4,"SCCS"
3,1079,1082,8.63391136801541,46.375,"Optum",4,"SCCS"
3,3803,1082,8.53288846520496,345.03,"Optum",4,"SCCS"
3,1308,1082,8.88142292490119,68.635,"Optum",4,"SCCS"
3,1148,1082,8.78473581213307,83.475,"Optum",4,"SCCS"
3,624,1082,8.58772770853308,354.305,"Optum",4,"SCCS"
3,5829,1082,8.04159132007233,16.695,"Optum",4,"SCCS"
3,5828,1082,8.67117988394584,326.48,"Optum",4,"SCCS"
3,2453,1082,8.68054211035818,1062.915,"Optum",4,"SCCS"
3,366,1082,8.74658869395711,3.71,"Optum",4,"SCCS"
3,1122,1082,8.8135426889107,76.055,"Optum",4,"SCCS"
3,1125,1082,8.50570342205323,48.23,"Optum",4,"SCCS"
3,1126,1082,7.73362445414847,12.985,"Optum",4,"SCCS"
4,3073,1082,5.43086816720257,248.57,"Optum",4,"SCCS"
4,5752,1082,5.6006600660066,31.535,"Optum",4,"SCCS"
4,5520,1082,5.50195058517555,5.565,"Optum",4,"SCCS"
4,3072,1082,5.265664160401,20.405,"Optum",4,"SCCS"
4,5760,1082,5.50195058517555,12.985,"Optum",4,"SCCS"
4,609,1082,6.41839762611276,9.275,"Optum",4,"SCCS"
4,1077,1082,5.38569604086845,61.215,"Optum",4,"SCCS"
4,5522,1082,5.5402223675605,22.26,"Optum",4,"SCCS"
4,5754,1082,5.34517766497462,16.695,"Optum",4,"SCCS"
4,627,1082,5.64010624169987,42.665,"Optum",4,"SCCS"
4,5639,1082,5.50195058517555,9.275,"Optum",4,"SCCS"
4,5768,1082,5.38162093171666,22.26,"Optum",4,"SCCS"
4,5761,1082,5.75219446320054,12.985,"Optum",4,"SCCS"
4,2927,1082,5.5402223675605,1055.495,"Optum",4,"SCCS"
4,610,1082,5.22277535780958,24.115,"Optum",4,"SCCS"
5,576,1082,2.2123353678124,3862.11,"Optum",4,"SCCS"
5,5767,1082,1.86697247706422,12.985,"Optum",4,"SCCS"
5,2764,1082,2.19590923617769,1033.235,"Optum",4,"SCCS"
5,3019,1082,2.1328320802005,70.49,"Optum",4,"SCCS"
5,611,1082,2.18775900541919,170.66,"Optum",4,"SCCS"
6,345,1082,369.37037037037,392.2,"Optum",4,"SCCS"
7,2796,1082,79,294.15,"Optum",4,"SCCS"
7,622,1082,80.3008130081301,1921.25,"Optum",4,"SCCS"
7,2763,1082,81.6446280991736,7115.25,"Optum",4,"SCCS"
7,2795,1082,82.3333333333333,4236.025,"Optum",4,"SCCS"
7,1075,1082,82.3333333333333,234.525,"Optum",4,"SCCS"
7,3074,1082,77.740157480315,1130.225,"Optum",4,"SCCS"
7,3075,1082,77.740157480315,1005.675,"Optum",4,"SCCS"
7,1079,1082,82.3333333333333,87.45,"Optum",4,"SCCS"
7,1308,1082,82.3333333333333,156.35,"Optum",4,"SCCS"
8,3755,1082,40.6666666666667,954,"Optum",4,"SCCS"
8,620,1082,36.1747211895911,14.575,"Optum",4,"SCCS"
8,5831,1082,41.3728813559322,2.65,"Optum",4,"SCCS"
8,5830,1082,35.101083032491,11.925,"Optum",4,"SCCS"
8,3619,1082,40.49377593361,2582.425,"Optum",4,"SCCS"
8,1068,1082,39.8163265306122,1710.575,"Optum",4,"SCCS"
8,3892,1082,39.650406504065,836.075,"Optum",4,"SCCS"
8,1075,1082,41.5531914893617,234.525,"Optum",4,"SCCS"
8,5832,1082,41.1940928270042,212,"Optum",4,"SCCS"
8,3599,1082,40.6666666666667,3980.3,"Optum",4,"SCCS"
8,635,1082,40.3223140495868,1313.075,"Optum",4,"SCCS"
8,5827,1082,42.1034482758621,45.05,"Optum",4,"SCCS"
8,5825,1082,40.1522633744856,1264.05,"Optum",4,"SCCS"
8,601,1082,36.593984962406,30.475,"Optum",4,"SCCS"
8,609,1082,34.4609929078014,13.25,"Optum",4,"SCCS"
8,369,1082,39.983606557377,1519.775,"Optum",4,"SCCS"
8,3815,1082,38.6825396825397,233.2,"Optum",4,"SCCS"
8,2823,1082,29.03003003003,6.625,"Optum",4,"SCCS"
8,1079,1082,41.7350427350427,87.45,"Optum",4,"SCCS"
8,3803,1082,39.650406504065,686.35,"Optum",4,"SCCS"
8,1308,1082,41.5531914893617,156.35,"Optum",4,"SCCS"
8,1148,1082,40.6666666666667,145.75,"Optum",4,"SCCS"
8,624,1082,39,679.725,"Optum",4,"SCCS"
8,5829,1082,38.6825396825397,30.475,"Optum",4,"SCCS"
8,5828,1082,39.1606425702811,645.275,"Optum",4,"SCCS"
8,2453,1082,41.0168067226891,2618.2,"Optum",4,"SCCS"
8,366,1082,39.983606557377,15.9,"Optum",4,"SCCS"
8,1122,1082,42.1034482758621,147.075,"Optum",4,"SCCS"
8,1125,1082,39.4858299595142,67.575,"Optum",4,"SCCS"
8,1126,1082,39.3225806451613,17.225,"Optum",4,"SCCS"
9,3073,1082,25.7379679144385,486.275,"Optum",4,"SCCS"
9,5752,1082,25.5957446808511,67.575,"Optum",4,"SCCS"
9,5520,1082,20.3675213675214,5.3,"Optum",4,"SCCS"
9,3072,1082,25.7379679144385,33.125,"Optum",4,"SCCS"
9,5760,1082,26.3224043715847,45.05,"Optum",4,"SCCS"
9,609,1082,23.7524752475248,13.25,"Optum",4,"SCCS"
9,1077,1082,26.9329608938547,124.55,"Optum",4,"SCCS"
9,5522,1082,27.9017341040462,55.65,"Optum",4,"SCCS"
9,5754,1082,20.4592274678112,13.25,"Optum",4,"SCCS"
9,627,1082,26.7777777777778,94.075,"Optum",4,"SCCS"
9,5639,1082,23.0963855421687,18.55,"Optum",4,"SCCS"
9,5768,1082,23.330900243309,39.75,"Optum",4,"SCCS"
9,5761,1082,25.3852242744063,17.225,"Optum",4,"SCCS"
9,2927,1082,26.7008310249307,2169.025,"Optum",4,"SCCS"
9,610,1082,20.2765957446809,29.15,"Optum",4,"SCCS"
10,576,1082,12.6612021857923,9774.525,"Optum",4,"SCCS"
10,5767,1082,12.4952766531714,35.775,"Optum",4,"SCCS"
10,2764,1082,12.986013986014,2978.6,"Optum",4,"SCCS"
10,3019,1082,11.970168612192,185.5,"Optum",4,"SCCS"
10,611,1082,11.6422250316056,368.35,"Optum",4,"SCCS"
11,345,1082,47.780487804878,112.36,"Optum",4,"SCCS"
12,2796,1082,9.29866117404737,137.8,"Optum",4,"SCCS"
12,622,1082,9.13171225937183,640.24,"Optum",4,"SCCS"
12,2763,1082,9.52631578947368,1842.28,"Optum",4,"SCCS"
12,2795,1082,9.67235859124867,1144.8,"Optum",4,"SCCS"
12,1075,1082,8.54198473282443,65.72,"Optum",4,"SCCS"
12,3074,1082,9.84598698481562,351.92,"Optum",4,"SCCS"
12,3075,1082,9.53740779768177,322.24,"Optum",4,"SCCS"
12,1079,1082,9.36269430051813,25.44,"Optum",4,"SCCS"
12,1308,1082,7.96860986547085,42.4,"Optum",4,"SCCS"
13,3755,1082,4.28262017960909,260.76,"Optum",4,"SCCS"
13,620,1082,5.07164541590771,6.36,"Optum",4,"SCCS"
13,5831,1082,4.78703703703704,4.24,"Optum",4,"SCCS"
13,5830,1082,5.64451827242525,2.12,"Optum",4,"SCCS"
13,3619,1082,4.60224089635854,752.6,"Optum",4,"SCCS"
13,1068,1082,4.32197977647685,561.8,"Optum",4,"SCCS"
13,3892,1082,4.42005420054201,267.12,"Optum",4,"SCCS"
13,1075,1082,3.83558994197292,65.72,"Optum",4,"SCCS"
13,5832,1082,4.39665407447383,82.68,"Optum",4,"SCCS"
13,3599,1082,4.52486187845304,1144.8,"Optum",4,"SCCS"
13,635,1082,4.30503978779841,428.24,"Optum",4,"SCCS"
13,5827,1082,4.40248514316586,19.08,"Optum",4,"SCCS"
13,5825,1082,4.33617929562433,407.04,"Optum",4,"SCCS"
13,601,1082,3.63606861381548,19.08,"Optum",4,"SCCS"
13,609,1082,3.6882325363338,8.48,"Optum",4,"SCCS"
13,369,1082,4.35331905781585,415.52,"Optum",4,"SCCS"
13,3815,1082,4.41418516513265,80.56,"Optum",4,"SCCS"
13,2823,1082,5.83994528043776,4.24,"Optum",4,"SCCS"
13,1079,1082,4.17866390471258,25.44,"Optum",4,"SCCS"
13,3803,1082,4.47345374931582,226.84,"Optum",4,"SCCS"
13,1308,1082,3.58715596330275,42.4,"Optum",4,"SCCS"
13,1148,1082,4.89970501474926,53,"Optum",4,"SCCS"
13,624,1082,4.25210084033613,248.04,"Optum",4,"SCCS"
13,5829,1082,3.48028673835125,14.84,"Optum",4,"SCCS"
13,5828,1082,4.3276505061268,224.72,"Optum",4,"SCCS"
13,2453,1082,4.59597090095131,720.8,"Optum",4,"SCCS"
13,366,1082,5.19578686493185,0,"Optum",4,"SCCS"
13,1122,1082,4.21104742053153,53,"Optum",4,"SCCS"
13,1125,1082,4.50964187327824,33.92,"Optum",4,"SCCS"
13,1126,1082,3.68384074941452,12.72,"Optum",4,"SCCS"
14,3073,1082,2.77643504531722,175.96,"Optum",4,"SCCS"
14,5752,1082,2.14070351758794,19.08,"Optum",4,"SCCS"
14,5520,1082,3.71475719000471,6.36,"Optum",4,"SCCS"
14,3072,1082,3.11692054343351,19.08,"Optum",4,"SCCS"
14,5760,1082,2.24149108589951,10.6,"Optum",4,"SCCS"
14,609,1082,2.2605151613955,8.48,"Optum",4,"SCCS"
14,1077,1082,2.78931413414172,48.76,"Optum",4,"SCCS"
14,5522,1082,2.85951370127364,21.2,"Optum",4,"SCCS"
14,5754,1082,1.83607487237663,8.48,"Optum",4,"SCCS"
14,627,1082,2.92618767177071,29.68,"Optum",4,"SCCS"
14,5639,1082,3.08997955010225,8.48,"Optum",4,"SCCS"
14,5768,1082,2.84172109104879,14.84,"Optum",4,"SCCS"
14,5761,1082,1.33590282644242,2.12,"Optum",4,"SCCS"
14,2927,1082,2.75234521575985,737.76,"Optum",4,"SCCS"
14,610,1082,2.72300819061802,12.72,"Optum",4,"SCCS"
15,576,1082,0.817190623296384,2365.92,"Optum",4,"SCCS"
15,5767,1082,0.830161054172767,12.72,"Optum",4,"SCCS"
15,2764,1082,0.831501831501831,642.36,"Optum",4,"SCCS"
15,3019,1082,0.851166234727879,46.64,"Optum",4,"SCCS"
15,611,1082,0.760873393203029,103.88,"Optum",4,"SCCS"
1,345,1082,143.927536231884,485,"Pharmetrics",1,"SCCS"
2,2796,1082,27.735632183908,470,"Pharmetrics",1,"SCCS"
2,622,1082,29.3951367781155,1832,"Pharmetrics",1,"SCCS"
2,2763,1082,30.055900621118,1795,"Pharmetrics",1,"SCCS"
2,2795,1082,29.8641975308642,1417,"Pharmetrics",1,"SCCS"
2,1075,1082,29.7692307692308,317,"Pharmetrics",1,"SCCS"
2,3074,1082,29.4878048780488,913,"Pharmetrics",1,"SCCS"
2,3075,1082,29.6748466257669,1093,"Pharmetrics",1,"SCCS"
2,1079,1082,29.7692307692308,128,"Pharmetrics",1,"SCCS"
2,1308,1082,29.8641975308642,205,"Pharmetrics",1,"SCCS"
3,3755,1082,14.4083204930663,1494,"Pharmetrics",1,"SCCS"
3,620,1082,14.1057401812689,15,"Pharmetrics",1,"SCCS"
3,5831,1082,15.260162601626,2,"Pharmetrics",1,"SCCS"
3,5830,1082,14.0829562594268,12,"Pharmetrics",1,"SCCS"
3,3619,1082,14.527950310559,1618,"Pharmetrics",1,"SCCS"
3,1068,1082,14.4320987654321,1727,"Pharmetrics",1,"SCCS"
3,3892,1082,14.0375939849624,1100,"Pharmetrics",1,"SCCS"
3,1075,1082,14.527950310559,317,"Pharmetrics",1,"SCCS"
3,5832,1082,13.9253731343284,233,"Pharmetrics",1,"SCCS"
3,3599,1082,14.552099533437,1359,"Pharmetrics",1,"SCCS"
3,635,1082,14.4798761609907,1509,"Pharmetrics",1,"SCCS"
3,5827,1082,13.9700598802395,52,"Pharmetrics",1,"SCCS"
3,5825,1082,14.527950310559,1448,"Pharmetrics",1,"SCCS"
3,601,1082,12.6054421768707,54,"Pharmetrics",1,"SCCS"
3,609,1082,14.3846153846154,42,"Pharmetrics",1,"SCCS"
3,369,1082,14.5038759689922,1284,"Pharmetrics",1,"SCCS"
3,3815,1082,13.9700598802395,330,"Pharmetrics",1,"SCCS"
3,2823,1082,14.5763239875389,19,"Pharmetrics",1,"SCCS"
3,1079,1082,14.5038759689922,128,"Pharmetrics",1,"SCCS"
3,3803,1082,14.0375939849624,893,"Pharmetrics",1,"SCCS"
3,1308,1082,14.527950310559,205,"Pharmetrics",1,"SCCS"
3,1148,1082,14.0375939849624,187,"Pharmetrics",1,"SCCS"
3,624,1082,14.2905198776758,938,"Pharmetrics",1,"SCCS"
3,5829,1082,13.265335235378,52,"Pharmetrics",1,"SCCS"
3,5828,1082,14.3846153846154,877,"Pharmetrics",1,"SCCS"
3,2453,1082,14.7232704402516,2132,"Pharmetrics",1,"SCCS"
3,366,1082,13.8588410104012,39,"Pharmetrics",1,"SCCS"
3,1122,1082,14.1745068285281,127,"Pharmetrics",1,"SCCS"
3,1125,1082,13.7492625368732,98,"Pharmetrics",1,"SCCS"
3,1126,1082,13.2247510668563,32,"Pharmetrics",1,"SCCS"
4,3073,1082,9.31991744066048,669,"Pharmetrics",1,"SCCS"
4,5752,1082,9.20408163265306,100,"Pharmetrics",1,"SCCS"
4,5520,1082,9.29866117404737,19,"Pharmetrics",1,"SCCS"
4,3072,1082,9.11122345803842,45,"Pharmetrics",1,"SCCS"
4,5760,1082,9.30927835051546,65,"Pharmetrics",1,"SCCS"
4,609,1082,9.25641025641026,42,"Pharmetrics",1,"SCCS"
4,1077,1082,9.37344398340249,149,"Pharmetrics",1,"SCCS"
4,5522,1082,9.16260162601626,55,"Pharmetrics",1,"SCCS"
4,5754,1082,9.88139281828074,28,"Pharmetrics",1,"SCCS"
4,627,1082,9.12145748987854,131,"Pharmetrics",1,"SCCS"
4,5639,1082,9.92896174863388,23,"Pharmetrics",1,"SCCS"
4,5768,1082,9.49317943336831,46,"Pharmetrics",1,"SCCS"
4,5761,1082,9.02004008016032,22,"Pharmetrics",1,"SCCS"
4,2927,1082,9.30927835051546,1687,"Pharmetrics",1,"SCCS"
4,610,1082,9.53740779768177,32,"Pharmetrics",1,"SCCS"
5,576,1082,3.94315373208107,1474,"Pharmetrics",1,"SCCS"
5,5767,1082,3.8947626040137,52,"Pharmetrics",1,"SCCS"
5,2764,1082,3.90677134445535,630,"Pharmetrics",1,"SCCS"
5,3019,1082,3.91883915395967,250,"Pharmetrics",1,"SCCS"
5,611,1082,3.83091787439614,423,"Pharmetrics",1,"SCCS"
6,345,1082,433.782608695652,1200,"Pharmetrics",1,"SCCS"
7,2796,1082,89.9090909090909,876,"Pharmetrics",1,"SCCS"
7,622,1082,92.4579439252336,4241,"Pharmetrics",1,"SCCS"
7,2763,1082,92.4579439252336,4190,"Pharmetrics",1,"SCCS"
7,2795,1082,92.4579439252336,3520,"Pharmetrics",1,"SCCS"
7,1075,1082,92.4579439252336,727,"Pharmetrics",1,"SCCS"
7,3074,1082,89.0900900900901,2237,"Pharmetrics",1,"SCCS"
7,3075,1082,90.743119266055,2658,"Pharmetrics",1,"SCCS"
7,1079,1082,89.9090909090909,253,"Pharmetrics",1,"SCCS"
7,1308,1082,93.3396226415094,508,"Pharmetrics",1,"SCCS"
8,3755,1082,46.6190476190476,3557,"Pharmetrics",1,"SCCS"
8,620,1082,44.662100456621,34,"Pharmetrics",1,"SCCS"
8,5831,1082,54.2486187845304,2,"Pharmetrics",1,"SCCS"
8,5830,1082,45.0829493087558,31,"Pharmetrics",1,"SCCS"
8,3619,1082,46.39336492891,3938,"Pharmetrics",1,"SCCS"
8,1068,1082,45.7289719626168,4037,"Pharmetrics",1,"SCCS"
8,3892,1082,45.9483568075117,2421,"Pharmetrics",1,"SCCS"
8,1075,1082,45.7289719626168,727,"Pharmetrics",1,"SCCS"
8,5832,1082,45.9483568075117,493,"Pharmetrics",1,"SCCS"
8,3599,1082,46.39336492891,3366,"Pharmetrics",1,"SCCS"
8,635,1082,46.1698113207547,3689,"Pharmetrics",1,"SCCS"
8,5827,1082,45.7289719626168,107,"Pharmetrics",1,"SCCS"
8,5825,1082,46.39336492891,3571,"Pharmetrics",1,"SCCS"
8,601,1082,43.6428571428571,83,"Pharmetrics",1,"SCCS"
8,609,1082,44.662100456621,67,"Pharmetrics",1,"SCCS"
8,369,1082,45.5116279069767,2873,"Pharmetrics",1,"SCCS"
8,3815,1082,45.9483568075117,682,"Pharmetrics",1,"SCCS"
8,2823,1082,46.8468899521531,36,"Pharmetrics",1,"SCCS"
8,1079,1082,44.662100456621,253,"Pharmetrics",1,"SCCS"
8,3803,1082,45.9483568075117,1968,"Pharmetrics",1,"SCCS"
8,1308,1082,46.39336492891,508,"Pharmetrics",1,"SCCS"
8,1148,1082,45.2962962962963,455,"Pharmetrics",1,"SCCS"
8,624,1082,45.5116279069767,2067,"Pharmetrics",1,"SCCS"
8,5829,1082,42.6681222707424,96,"Pharmetrics",1,"SCCS"
8,5828,1082,45.7289719626168,1971,"Pharmetrics",1,"SCCS"
8,2453,1082,47.5436893203883,5523,"Pharmetrics",1,"SCCS"
8,366,1082,46.8468899521531,103,"Pharmetrics",1,"SCCS"
8,1122,1082,46.39336492891,304,"Pharmetrics",1,"SCCS"
8,1125,1082,45.2962962962963,177,"Pharmetrics",1,"SCCS"
8,1126,1082,43.2477876106195,47,"Pharmetrics",1,"SCCS"
9,3073,1082,30.8471337579618,1744,"Pharmetrics",1,"SCCS"
9,5752,1082,30.1526479750779,231,"Pharmetrics",1,"SCCS"
9,5520,1082,25.9541778975741,21,"Pharmetrics",1,"SCCS"
9,3072,1082,29.4878048780488,94,"Pharmetrics",1,"SCCS"
9,5760,1082,30.3479623824451,164,"Pharmetrics",1,"SCCS"
9,609,1082,29.4878048780488,67,"Pharmetrics",1,"SCCS"
9,1077,1082,29.2114803625378,374,"Pharmetrics",1,"SCCS"
9,5522,1082,29.4878048780488,160,"Pharmetrics",1,"SCCS"
9,5754,1082,31.0512820512821,28,"Pharmetrics",1,"SCCS"
9,627,1082,30.3479623824451,373,"Pharmetrics",1,"SCCS"
9,5639,1082,31.4675324675325,60,"Pharmetrics",1,"SCCS"
9,5768,1082,30.8471337579618,110,"Pharmetrics",1,"SCCS"
9,5761,1082,31.8947368421053,55,"Pharmetrics",1,"SCCS"
9,2927,1082,30.1526479750779,3884,"Pharmetrics",1,"SCCS"
9,610,1082,31.258064516129,88,"Pharmetrics",1,"SCCS"
10,576,1082,13.7275405007364,4186,"Pharmetrics",1,"SCCS"
10,5767,1082,13.9700598802395,118,"Pharmetrics",1,"SCCS"
10,2764,1082,13.8588410104012,1921,"Pharmetrics",1,"SCCS"
10,3019,1082,13.7275405007364,664,"Pharmetrics",1,"SCCS"
10,611,1082,13.5348837209302,1252,"Pharmetrics",1,"SCCS"
11,345,1082,92.4579439252336,304,"Pharmetrics",1,"SCCS"
12,2796,1082,18.1204588910134,357,"Pharmetrics",1,"SCCS"
12,622,1082,19.1207243460765,1241,"Pharmetrics",1,"SCCS"
12,2763,1082,20.1864406779661,1198,"Pharmetrics",1,"SCCS"
12,2795,1082,20.0526315789474,1001,"Pharmetrics",1,"SCCS"
12,1075,1082,19,215,"Pharmetrics",1,"SCCS"
12,3074,1082,19.2839756592292,599,"Pharmetrics",1,"SCCS"
12,3075,1082,19.6611570247934,754,"Pharmetrics",1,"SCCS"
12,1079,1082,18.1204588910134,89,"Pharmetrics",1,"SCCS"
12,1308,1082,19.5761316872428,136,"Pharmetrics",1,"SCCS"
13,3755,1082,9.47120418848167,1039,"Pharmetrics",1,"SCCS"
13,620,1082,9.89324618736383,13,"Pharmetrics",1,"SCCS"
13,5831,1082,9.48218029350105,1,"Pharmetrics",1,"SCCS"
13,5830,1082,10.1607142857143,11,"Pharmetrics",1,"SCCS"
13,3619,1082,9.71811361200429,1094,"Pharmetrics",1,"SCCS"
13,1068,1082,9.54852320675105,1218,"Pharmetrics",1,"SCCS"
13,3892,1082,9.12145748987854,792,"Pharmetrics",1,"SCCS"
13,1075,1082,9.08064516129032,215,"Pharmetrics",1,"SCCS"
13,5832,1082,9.07049345417926,160,"Pharmetrics",1,"SCCS"
13,3599,1082,9.76426264800861,912,"Pharmetrics",1,"SCCS"
13,635,1082,9.64962726304579,1073,"Pharmetrics",1,"SCCS"
13,5827,1082,9.4602510460251,33,"Pharmetrics",1,"SCCS"
13,5825,1082,9.68376068376068,1033,"Pharmetrics",1,"SCCS"
13,601,1082,8.09090909090909,45,"Pharmetrics",1,"SCCS"
13,609,1082,9.41666666666667,40,"Pharmetrics",1,"SCCS"
13,369,1082,9.63829787234043,878,"Pharmetrics",1,"SCCS"
13,3815,1082,9.11122345803842,251,"Pharmetrics",1,"SCCS"
13,2823,1082,8.73709834469328,14,"Pharmetrics",1,"SCCS"
13,1079,1082,8.65250965250965,89,"Pharmetrics",1,"SCCS"
13,3803,1082,9.15228426395939,642,"Pharmetrics",1,"SCCS"
13,1308,1082,9.351966873706,136,"Pharmetrics",1,"SCCS"
13,1148,1082,9.42752867570386,141,"Pharmetrics",1,"SCCS"
13,624,1082,9.25641025641026,659,"Pharmetrics",1,"SCCS"
13,5829,1082,7.93655049151028,33,"Pharmetrics",1,"SCCS"
13,5828,1082,9.33057851239669,619,"Pharmetrics",1,"SCCS"
13,2453,1082,9.92896174863388,1463,"Pharmetrics",1,"SCCS"
13,366,1082,9.51524710830705,32,"Pharmetrics",1,"SCCS"
13,1122,1082,9.04016064257028,87,"Pharmetrics",1,"SCCS"
13,1125,1082,8.91080277502478,63,"Pharmetrics",1,"SCCS"
13,1126,1082,8.84251968503937,25,"Pharmetrics",1,"SCCS"
14,3073,1082,5.97836706210747,440,"Pharmetrics",1,"SCCS"
14,5752,1082,5.96378830083565,65,"Pharmetrics",1,"SCCS"
14,5520,1082,6.55857898715042,11,"Pharmetrics",1,"SCCS"
14,3072,1082,6.03729767769177,31,"Pharmetrics",1,"SCCS"
14,5760,1082,6.097232079489,43,"Pharmetrics",1,"SCCS"
14,609,1082,5.94444444444444,40,"Pharmetrics",1,"SCCS"
14,1077,1082,6.51314800901578,117,"Pharmetrics",1,"SCCS"
14,5522,1082,5.91562932226833,39,"Pharmetrics",1,"SCCS"
14,5754,1082,6.59301442672741,16,"Pharmetrics",1,"SCCS"
14,627,1082,5.71591672263264,70,"Pharmetrics",1,"SCCS"
14,5639,1082,6.77604976671851,19,"Pharmetrics",1,"SCCS"
14,5768,1082,5.97350069735007,35,"Pharmetrics",1,"SCCS"
14,5761,1082,5.49772579597141,15,"Pharmetrics",1,"SCCS"
14,2927,1082,6.04225352112676,1140,"Pharmetrics",1,"SCCS"
14,610,1082,6.44047619047619,24,"Pharmetrics",1,"SCCS"
15,576,1082,2.42348510783978,1006,"Pharmetrics",1,"SCCS"
15,5767,1082,2.48553502962705,41,"Pharmetrics",1,"SCCS"
15,2764,1082,2.34672021419009,382,"Pharmetrics",1,"SCCS"
15,3019,1082,2.37154416722859,169,"Pharmetrics",1,"SCCS"
15,611,1082,2.3101621979477,276,"Pharmetrics",1,"SCCS"
